Family,Corrected Name,FB-Code,Sample Size,PLD- Mean,PLD- Max,PLD - Min
Acanthuridae,Acanthurus bahianus,942,,52,52,
Acanthuridae,Acanthurus bahianus,942,,52.3,52.3,
Acanthuridae,Acanthurus bahianus,942,10,23.2,30,19
Acanthuridae,Acanthurus chirurgus,943,,55,55,
Acanthuridae,Acanthurus chirurgus,943,,55.2,55.2,
Acanthuridae,Acanthurus chirurgus,943,10,26.9,35,22
Acanthuridae,Acanthurus chirurgus,943,,,35,12
Acanthuridae,Acanthurus coeruleus,944,,52,52,
Acanthuridae,Acanthurus coeruleus,944,,51.6,51.6,
Acanthuridae,Acanthurus coeruleus,944,10,31.3,43,20
Acanthuridae,Acanthurus lineatus,1258,5,41.2,43,40
Acanthuridae,Acanthurus lineatus,1258,2,39.5,41,38
Acanthuridae,Acanthurus nigricans,6011,3,59.7,62,56
Acanthuridae,Acanthurus nigrofuscus,4739,,31,31,
Acanthuridae,Acanthurus nigrofuscus,4739,2,26.7,28,26
Acanthuridae,Acanthurus olivaceus,4744,4,58.5,60,57
Acanthuridae,Acanthurus olivaceus,4744,,60.8,60.8,
Acanthuridae,Acanthurus sp.1,#N/A,,60,60,
Acanthuridae,Acanthurus sp.2,#N/A,,62,62,
Acanthuridae,Acanthurus sp.3,#N/A,,46,46,
Acanthuridae,Acanthurus triostegus,1260,5,44,48,40
Acanthuridae,Acanthurus triostegus,1260,,45,45,
Acanthuridae,Acanthurus triostegus,1260,,44,49,40
Acanthuridae,Acanthurus triostegus,1260,,42,45,37
Acanthuridae,Acanthurus triostegus,1260,,42,50,38
Acanthuridae,Acanthurus triostegus,1260,150,44.6,47,42
Acanthuridae,Acanthurus triostegus,1260,1,51,51,
Acanthuridae,Acanthurus triostegus,1260,,44,,
Acanthuridae,Acanthurus triostegus,1260,,70,,
Acanthuridae,Ctenochaetus binotatus,6012,,60,74,47
Acanthuridae,Ctenochaetus binotatus,6012,,57,57,
Acanthuridae,Ctenochaetus flavicauda,59589,5,31,33,29
Acanthuridae,Ctenochaetus striatus,1262,6,38.2,46,34
Acanthuridae,Ctenochaetus striatus,1262,2,55,55,
Acanthuridae,Ctenochaetus striatus,1262,9,55,60,50
Acanthuridae,Ctenochaetus striatus,1262,1,29.7,31,29
Acanthuridae,Ctenochaetus striatus,1262,15,47.5,54,39
Acanthuridae,Ctenochaetus striatus,1262,7,24.7,30,21
Acanthuridae,Ctenochaetus striatus,1262,5,57,58.78885438,
Acanthuridae,Naso annulatus,6019,9,62.3,71,57
Acanthuridae,Naso brevirostris,6021,8,68.5,74,60
Acanthuridae,Naso brevirostris,6021,,90.8,90.8,
Acanthuridae,Naso hexacanthus,1263,,91.2,91.2,
Acanthuridae,Naso lituratus,1264,4,69.8,75,65
Acanthuridae,Naso lituratus,1264,1,69,69,
Acanthuridae,Naso sp.,None,1,84,84,84
Acanthuridae,Naso unicornis,1265,4,73.3,78,70
Acanthuridae,Naso unicornis,1266,,75,94,67
Acanthuridae,Naso unicornis,1265,,71,71,
Acanthuridae,Naso vlamingii,6024,3,77.3,82,72
Acanthuridae,Paracanthurus hepatus,6017,1,37,37,
Acanthuridae,Zebrasoma flavescens,6018,,54,54,
Acanthuridae,Zebrasoma scopas,5951,5,50.6,55,48
Acanthuridae,Zebrasoma scopas,5951,,59.8,59.8,
Acanthuridae,Zebrasoma veliferum,1266,2,35.5,37,34
Acanthuridae,Zebrasoma veliferum,1266,1,36,36,
Achiridae,Achirus lineatus,4256,,23,23,
Achiridae,Achirus lineatus,4256,,23,33,16
Agonidae,Bothragonus swanii,4163,,54,54,
Ammodytidae,Ammodytes americanus,3820,,159.1,550,46
Ammodytidae,Ammodytes hexapterus,3822,,,,
Anarhichadidae,Anarrhichthys ocellatus,3813,,,,
Antennariidae,Antennariidae sp.,#N/A,3,54,64,48
Antennariidae,Antennatus tuberosus,11150,1,47.5,51,42
Antennariidae,Antennarius multiocellatus,3084,1,54,54,54
Apogonidae,Apogon aurolineatus,3521,2,19.5,20,19
Apogonidae,Apogon binotatus,3522,10,20.1,24,17
Apogonidae,Apogon coccineus,5752,3,19.7,20,19
Apogonidae,Apogon compressus,5769,30,24,24,
Apogonidae,Apogon crassiceps,12992,5,17.7,20,15
Apogonidae,Apogon cyanosoma,4600,5,18.2,19,18
Apogonidae,Apogon cyanosoma,4601,30,24,24,
Apogonidae,Apogon doederleini,8587,5,22.6,27,16
Apogonidae,Apogon exostigma,5756,2,33.5,34,33
Apogonidae,Apogon fraenatus,5757,4,25.3,26,25
Apogonidae,Apogon imberbis,1693,63,21.3,24,18
Apogonidae,Apogon imberbis,1693,,22,22,
Apogonidae,Apogon maculatus,3526,10,20.7,30,18
Apogonidae,Apogon nigrofasciatus,4836,2,18.5,19,18
Apogonidae,Apogon novemfasciatus,5768,1,29.7,33,28
Apogonidae,Apogon bandanensis,5763,1,24.5,25,24
Apogonidae,Apogon pseudomaculatus,3530,10,26.8,32,19
Apogonidae,Apogon quadrisquamatus,3531,10,18.7,23,15
Apogonidae,Apogon sp. (petit rouge),#N/A,5,32.2,33,31
Apogonidae,Apogonidae sp3,#N/A,1,16,16,16
Apogonidae,Apogonidae spp.,#N/A,,,30.6,14
Apogonidae,Astrapogon stellatus,3535,10,20.2,23,16
Apogonidae,Cheilodipterus quinquelineatus,5482,29,23.1,29,17
Apogonidae,Cheilodipterus quinquelineatus,5483,60,24,24,
Apogonidae,Cheilodipterus quinquelineatus,5482,4,18.8,20,17
Apogonidae,Cheilodipterus quinquelineatus,5482,25,23.1,21,17
Apogonidae,Fowleria marmorata,5744,1,41.3,43,39
Apogonidae,Gymnapogon urospilotus,5787,5,34.6,38,32
Apogonidae,Phaeoptyx pigmentaria,3537,1,20,20,20
Apogonidae,Sphaeramia orbicularis,4926,1,17,17,
Atherinidae,Atherina boyeri,1696,72,10.4,12,9
Atherinidae,Atherina boyeri,1696,,10.5,10.5,
Atherinidae,Atherina hepsetus,1697,83,11.4,14,9
Atherinidae,Atherina hepsetus,1697,,11.8,11.8,
Atherinopsidae,Leuresthes tenuis,3239,,44,44,
Atherinopsidae,Leuresthes tenuis,3239,,,,
Atherinopsidae,Menidia menidia,339,,35,35,
Atherinopsidae,Menidia menidia,339,,35.4,35.4,
Atherinopsidae,Menidia peninsulae,3244,,41,41,
Atherinopsidae,Menidia peninsulae,3244,,41,73,23
Aulostomidae,Aulostomus chinensis,1309,6,93.3,116,71
Aulostomidae,Aulostomus strigosus,9160,,93,93,
Balistidae,Balistapus undulatus,6025,1,51.3,52,
Balistidae,Balistes vetula,19,,75,83,63
Balistidae,Balistoides conspicillum,2300,3,36,38,35
Balistidae,Pseudobalistes flavimarginatus,6027,4,44.5,48,41
Balistidae,Rhinecanthus aculeatus,5839,1,43,43,43
Balistidae,Rhinecanthus aculeatus,5839,1,48,48,
Balistidae,Rhinecanthus rectangulus,5840,6,43.5,46,39
Batrachoididae,Porichthys notatus,3071,,,,
Blennioidei,Aidablennius sphynx,25971,61,41.2,45,35
Blennioidei,Coryphoblennius galerita,7644,30,25.8,28,24
Blennioidei,Aidablennius sphynx,25971,,42,42,
Blennioidei,Coryphoblennius galerita,7644,,26.5,26.5,
Blennioidei,Hypleurochilus bermudensis,3758,5,25.4,28,21
Blennioidei,Lipophrys adriaticus,25969,5,23,24,21
Blennioidei,Lipophrys adriaticus,25969,,24,24,
Blennioidei,Lipophrys canevae,16297,24,30.7,34,28
Blennioidei,Lipophrys canevae,16297,,31,31,
Blennioidei,Ophioblennius atlanticus,3768,,38,38,
Blennioidei,Ophioblennius atlanticus,3768,,28.5,28.5,
Blennioidei,Ophioblennius steindachneri,8300,,50,50,
Blennioidei,Parablennius incognitus,16326,54,23.8,30,21
Blennioidei,Parablennius incognitus,16326,,23.8,23.8,
Blennioidei,Parablennius marmoreus,3769,10,23.4,29,19
Blennioidei,Parablennius pilicornis,16962,8,33,37,31
Blennioidei,Parablennius pilicornis,16962,2,28,28,28
Blennioidei,Parablennius sanguinolentus,1700,2,33,34,32
Blennioidei,Parablennius sanguinolentus,1700,,34,34,
Blennioidei,Parablennius zvonimiri,26272,2,24,24,24
Blennioidei,Paralipophrys trigloides,16301,299,67.2,89,39
Blennioidei,Paralipophrys trigloides,16301,,52,52,
Blennioidei,Petroscirtes sp.,None,3,34.3,36,31
Blennioidei,Petroscirtes fallax,13748,1,21,21,21
Blennioidei,Petroscirtes lupus,13750,6,26.5,28,24
Blennioidei,Petroscirtes mitratus,6074,2,24.5,25,24
Bothidae,Arnoglossus thori,43,14,31.4,39,25
Bothidae,Bothus mancus,7641,4,69.3,80,63
Bothidae,Bothus pantherinus,1321,6,63.7,87,54
Bothidae,Bothus podas,207,41,33.7,38,28
Caesionidae,Caesio caerulaurea,918,3,22,23,21
Caesionidae,Pterocaesio chrysozona,932,,42,42,
Caesionidae,Pterocaesio marri,935,,42,42,
Caesionidae,Pterocaesio marri,935,6,42,42,
Callionymidae,Synchiropus splendidus,12644,2,36,39,33
Carangidae,Atule mate,1893,?,50,52,48
Carangidae,Carangidae spp.,#N/A,4,45,49,40
Carangidae,Caranx melampygus,1906,5,57.6,60,56
Carapidae,Carapus boraborensis,16829,8,50.2,50.2,
Carapidae,Carapus mourlani,16791,10,73,73,
Carapidae,Encheliophis gracilis,9204,3,73.7,75,72
Carapidae,Encheliophis gracilis,9204,10,75.5,75.5,
Carapidae,Encheliophis homei,4832,6,77.2,85,64
Carapidae,Encheliophis homei,4832,58,82.6,82.6,
Blennioidei,Acanthemblemaria aspera,3708,10,20.7,23,18
Blennioidei,Chaenopsis limbaughi,3712,2,30.5,31,30
Blennioidei,Emblemaria pandionis,3718,10,25.3,32,23
Chaetodontidae,Chaetodon capistratus,3602,3,38,42,33
Chaetodontidae,Chaetodon ocellatus,3604,2,35.5,37,34
Chaetodontidae,Chaetodon sedentarius,3605,1,52,52,52
Chaetodontidae,Chaetodon striatus,3606,1,49,49,49
Chaetodontidae,Chaetodon auriga,5557,5,41,47,36
Chaetodontidae,Chaetodon auriga,5557,4,41,45.1,
Chaetodontidae,Chaetodon auriga,5557,24,41.7,42.80227038,
Chaetodontidae,Chaetodon auriga,5557,5,41.8,44.32228468,
Chaetodontidae,Chaetodon auriga,5557,6,54.3,58.34165808,
Chaetodontidae,Chaetodon auriga,5557,21,37.1,37.84194083,
Chaetodontidae,Chaetodon auriga,5557,5,52.2,58.46099034,
Chaetodontidae,Chaetodon auriga,5557,54,39.1,39.53546484,
Chaetodontidae,Chaetodon auriga,5557,6,46.5,53,40
Chaetodontidae,Chaetodon auriga,5557,21,48,48,
Chaetodontidae,Chaetodon baronessa,5558,5,38,38,38
Chaetodontidae,Chaetodon baronessa,5558,54,33,33,
Chaetodontidae,Chaetodon citrinellus,5561,4,50.5,54,48
Chaetodontidae,Chaetodon collare,7803,1,43,43,
Chaetodontidae,Chaetodon ephippium,5562,4,38.5,40,37
Chaetodontidae,Chaetodon flavirostris,6527,14,40.79,42.48443627,
Chaetodontidae,Chaetodon flavirostris,6527,6,49.17,55.94692162,
Chaetodontidae,Chaetodon flavirostris,6527,4,58.25,68.15,
Chaetodontidae,Chaetodon flavirostris,6527,25,40.88,41.664,
Chaetodontidae,Chaetodon kleinii,5446,1,56,56,
Chaetodontidae,Chaetodon lineolatus,5564,1,54,54,
Chaetodontidae,Chaetodon lunula,5565,3,43,48,37
Chaetodontidae,Chaetodon lunulatus,14300,4,39.3,46,31
Chaetodontidae,Chaetodon miliaris,5136,,60,60,
Chaetodontidae,Chaetodon ornatissimus,6550,2,62.5,64,61
Chaetodontidae,Chaetodon plebeius,6613,1,39,39,39
Chaetodontidae,Chaetodon plebeius,6613,,45.2,45.2,
Chaetodontidae,Chaetodon plebeius,6613,15,48,49.18771489,
Chaetodontidae,Chaetodon rainfordi,6631,1,35,35,35
Chaetodontidae,Chaetodon rainfordi,6631,,27.8,27.8,
Chaetodontidae,Chaetodon speculum,5576,51,50.2745098,59,42
Chaetodontidae,Chaetodon speculum,5576,51,48.05882353,56,38
Chaetodontidae,Chaetodon speculum,5576,51,50.1372549,59,40
Chaetodontidae,Chaetodon speculum,5576,50,49.1,59,41
Chaetodontidae,Chaetodon speculum,5576,1,26,26,
Chaetodontidae,Chaetodon trifascialis,5578,5,39.4,43,34
Chaetodontidae,Chaetodon trifascialis,5578,2,32,34,30
Chaetodontidae,Chaetodon ulietensis,5580,3,41,43,37
Chaetodontidae,Chaetodon unimaculatus,5581,2,35,35,35
Chaetodontidae,Chaetodon vagabundus,5582,4,50.8,55,49
Chaetodontidae,Chaetodon vagabundus,5582,,38,48,29
Chaetodontidae,Chaetodon vagabundus,5582,,38,38,
Chaetodontidae,Chelmon rostratus,5483,2,25.5,26,25
Chaetodontidae,Chelmon rostratus,5483,2,27,28,26
Chaetodontidae,Forcipiger flavissimus,5584,3,50.7,57,41
Chaetodontidae,Heniochus acuminatus,5588,,40.83,40.83,
Chaetodontidae,Heniochus chrysostomus,5589,3,32.7,38,27
Chaetodontidae,Heniochus diphreutes,7769,2,32,34,30
Chanidae,Chanos chanos,80,,10,10,
Chanidae,Chanos chanos,80,,43.5,52,37
Cirrhitidae,Neocirrhites armatus,5832,1,48,48,
Cirrhitidae,Oxycirrhites typus,5833,3,69,73,62
Cirrhitidae,Paracirrhites arcatus,5835,1,49.7,55,46
Clinidae,Clinidae sp6,#N/A,2,20,20,20
Clinidae,Clinitrachus argentatus,1793,53,26.2,29,23
Clinidae,Clinitrachus argentatus,1793,,26.5,26.5,
Clinidae,Heterostichus rostratus,3728,,,,
Clinidae,Heterostichus rostratus,3728,,37,37,
Clinidae,Heterostichus rostratus,3728,,,,
Clupeidae,Clupea harengus,24,,160,160,
Clupeidae,Clupea harengus,24,,160.6,550,47
Clupeidae,Sardina pilchardus,1350,,40,40,
Clupeidae,Sardinops sagax,1477,,42,42,
Congridae,Conger conger,301,,228,228,
Congridae,Conger oceanicus,300,,92,92,
Cottidae,Artedius lateralis,4048,,51,60,41
Cottidae,Leptocottus armatus,4112,,60,60,
Cottidae,Oligocottus maculosus,4128,,,,
Cottidae,Scorpaenichthys marmoratus,4140,,,,
Cynoglossidae,Cynoglossidae sp.,#N/A,5,48.4,56,43
Dactylopaenidae,Dactyloptena orientalis,4485,5,43.4,48,39
Dactylopteridae,Dactylopterus volitans,1021,1,24,24,24
Blennioidei,Dactyloscopus crossotus,3698,10,19.7,23,17
Blennioidei,Gillellus greyae,3700,4,28.5,32,25
Blennioidei,Gillellus uranidea,3702,10,20.9,31,17
Gobiidae,Eleotris acanthopoma,11794,,121,121,
Engraulidae,Anchoa lamprotaenia,1688,,34,34,
Engraulidae,Anchoa lamprotaenia,1688,,34,34,
Engraulidae,Anchoa mitchilli,545,,32,32,
Engraulidae,Anchoa mitchilli,545,,32.4,49,21
Engraulidae,Engraulis encrasicolus,66,,37,37,
Engraulidae,Engraulis japonicus,1663,,47,47,
Engraulidae,Engraulis mordax,1664,,35,35,
Engraulidae,Engraulis mordax,1664,,34.8,34.8,
Engraulidae,Engraulis mordax,1664,,35,51,24
Engraulidae,Engraulis ringens,4,,74,74,
Fistulariidae,Fistularia commersonii,5444,4,46,48,42
Gadidae,Gadus morhua,69,,100,100,
Gadidae,Gadus morhua,69,,100.9,247,41
Gadidae,Melanogrammus aeglefinus,1381,,127,127,
Gadidae,Melanogrammus aeglefinus,1381,,127.7,460,35
Gadidae,Merluccius productus,326,,88,88,
Gadidae,Theragra chalcogramma,318,,108,108,
Gadidae,Theragra chalcogramma,318,,108.3,276,42
Gasterosteidae,Gasterosteus aculeatus aculeatus,2420,,30,30,
Gobiesocidae,Apletodon dentatus dentatus,9196,14,13.9,17,12
Gobiesocidae,Apletodon dentatus dentatus,9196,21,14.4,15,13
Gobiesocidae,Apletodon dentatus dentatus,9196,,15,15,
Gobiesocidae,Apletodon incognitus,51745,20,14.1,15,12
Gobiesocidae,Diplecogaster bimaculata bimaculata,64,11,11.8,14,10
Gobiesocidae,Gouania willdenowi,50846,23,13.1,17,11
Gobiesocidae,Gouania willdenowi,50846,,17,17,
Gobiesocidae,Lepadogaster candolii,640,4,14.3,15,14
Gobiesocidae,Lepadogaster candolii,640,12,13.2,15,12
Gobiesocidae,Lepadogaster candolii,640,,13,13,
Gobiesocidae,Lepadogaster lepadogaster,643,13,14.9,18,11
Gobiesocidae,Opeatogenys gracilis,55730,5,14.6,16,13
Gobiidae,Amblygobius phalaena,7198,18,23,45,24
Gobiidae,Amblygobius phalaena,7198,19,17,34,20
Gobiidae,Amblygobius phalaena,7198,,19,19,
Gobiidae,Awaous melanocephalus,6595,,80,80,
Gobiidae,Barbulifer ceuthoecus,3834,10,39.2,62,25
Gobiidae,Bathygobius coalitus,25423,,40,50,32
Gobiidae,Bathygobius soporator,3837,,29,29,
Gobiidae,Chromogobius britoi,58692,3,19.3,22,16
Gobiidae,Chromogobius britoi,58692,,19,19,
Gobiidae,Clevelandia ios,3840,,30,30,
Gobiidae,Coryphopterus glaucofraenum,3844,,26.8,26.8,
Gobiidae,Coryphopterus glaucofraenum,3844,,26.8,26.8,
Gobiidae,Coryphopterus glaucofraenum,3844,10,22.1,25,19
Gobiidae,Coryphopterus kuna,63493,,63,63,
Gobiidae,Coryphopterus kuna,63493,6,59.7,74,45
Gobiidae,Elacatinus evelynae,16640,92,22.3,22.37715033,
Gobiidae,Elacatinus macrodon,3875,10,28.7,40,26
Gobiidae,Elacatinus oceanops,3876,,28,28,
Gobiidae,Elacatinus oceanops,3876,1,32,32,32
Gobiidae,Elacatinus randalli,23731,1,38,38,38
Gobiidae,Eviota melasma,7267,,26.2,26.2,
Gobiidae,Eviota queenslandica,7273,,24.2,24.2,
Gobiidae,Eviota sigillata,7276,,24.7,24.7,
Gobiidae,Gnatholepis cauerensis,9950,6,39.8,45,29
Gobiidae,Gnatholepis thompsoni,3855,,89,89,
Gobiidae,Gnatholepis thompsoni,3855,,90.5,90.5,
Gobiidae,Gnatholepis thompsoni,3855,,60,60,
Gobiidae,Gnatholepis thompsoni,3855,10,52.6,74,39
Gobiidae,Gobiidae sp12,None,1,31,31,31
Gobiidae,Gobiodon sp.1,None,1,22,22,22
Gobiidae,Gobiodon sp.2,None,4,29.8,38,27
Gobiidae,Gobiodon sp.3,None,1,40,40,40
Gobiidae,Gobiosoma bosc,3870,,31,31,
Gobiidae,Gobiosoma grosvenori,3872,3,21.33333333,26,18
Gobiidae,Gobius bucchichi,46334,22,19.2,21,17
Gobiidae,Gobius bucchichi,46334,,19.4,19.4,
Gobiidae,Gobius cobitis,4579,,35,35,
Gobiidae,Gobius gasteveni,7660,3,20,23,14
Gobiidae,Gobius gasteveni,7660,,20,20,
Gobiidae,Gobius paganellus,73,10,25.5,29,22
Gobiidae,Gobius paganellus,73,,29,29,
Gobiidae,Gobius xanthocephalus,56307,12,30.2,39,24
Gobiidae,Gobius xanthocephalus,56307,,30,30,
Gobiidae,Koumansetta rainfordi,5478,30,31,39,25
Gobiidae,Koumansetta rainfordi,5478,17,30,33,25
Gobiidae,Koumansetta rainfordi,5478,4,40.3,41,40
Gobiidae,Lepidogobius lepidus,3882,,,,
Gobiidae,Lythrypnus dalli,3885,,70,70,
Gobiidae,Lythrypnus dalli,3885,,45,45,
Gobiidae,Lythrypnus dalli,3885,,60,60,
Gobiidae,Lythrypnus zebra,3889,,,,
Gobiidae,Lythrypnus zebra,3889,,,,
Gobiidae,Microgobius carri,3890,6,33.33333333,43,27
Gobiidae,Mugilogobius abei,23191,,44,44,
Gobiidae,Nes longus,3894,2,29,30,28
Gobiidae,Oligolepis acutipennis,5125,,30,30,
Gobiidae,Paragobiodon echinocephalus,7219,1,36,36,36
Gobiidae,Paragobiodon lacunicolus,22476,1,31,31,31
Gobiidae,Paragobiodon melanosomus,22489,3,42.3,47,39
Gobiidae,Priolepis hipoliti,3897,10,55.4,72,42
Gobiidae,Redigobius bikolanus,11818,,49,49,
Gobiidae,Rhinogobiops nicholsii,3847,,70,70,
Gobiidae,Rhinogobiops nicholsii,3847,,45,45,
Gobiidae,Sicyopterus japonicus,23724,,155.5,155.5,
Gobiidae,Stenogobius genivittatus,9997,,92.5,92.5,
Gobiidae,Trimma benjamini,28081,91,33.9,,
Gobiidae,Trimma nasa,62228,110,33.9,33.9,
Gobiidae,Zosterisessor ophiocephalus,13018,,13,13,
Haemulidae,Anisotremus surinamensis,1123,,19.5,22,17
Haemulidae,Anisotremus virginicus,1124,,17.5,20,15
Haemulidae,Anisotremus virginicus,1124,10,16.4,23,12
Haemulidae,Haemulon aurolineatum,1128,10,19.3,22,17
Haemulidae,Haemulon chrysargyreum,1134,1,22,22,22
Haemulidae,Haemulon flavolineatum,1135,,18.7,24,14
Haemulidae,Haemulon flavolineatum,1135,,15,17,13
Haemulidae,Haemulon flavolineatum,1135,,15,20,13
Haemulidae,Haemulon flavolineatum,1135,,16,17,14
Haemulidae,Haemulon flavolineatum,1135,10,20.7,24,16
Haemulidae,Haemulon melanurum,1138,10,18.4,22,15
Haemulidae,Haemulon parra,1139,,16,18,14
Haemulidae,Haemulon parra,1139,10,18.6,22,16
Haemulidae,Haemulon plumierii,1140,10,22.6,26,19
Haemulidae,Haemulon striatum,1143,8,21.125,22,19
Hemiramphidae,Hemiramphidae sp.,None,4,42.8,45,39
Hemiramphidae,Hemiramphus sp.,None,1,27,29,26
Hexagrammidae,Hexagrammos decagrammus,4032,,,,
Hexagrammidae,Ophiodon elongatus,509,,,,
Hexagrammidae,Ophiodon elongatus,509,,,,
Hexagrammidae,Oxylebius pictus,4036,,,,
Holocentridae,Holocentrus adscensionis,1061,,71,71,
Holocentridae,Holocentrus adscensionis,1061,,48,48,
Holocentridae,Holocentrus adscensionis,1061,,47.8,47.8,
Holocentridae,Holocentrus rufus,1062,,44.1,44.1,
Holocentridae,Myripristis jacobus,1063,,58,58,
Holocentridae,Myripristis jacobus,1063,,49.6,49.6,
Holocentridae,Myripristis pralinia,7308,1,67,67,67
Holocentridae,Myripristis sp.,None,2,40.5,45,36
Holocentridae,Myripristis sp.,None,4,39.5,44,35
Holocentridae,Neoniphon argenteus,7310,3,41,44,39
Holocentridae,Neoniphon marianus,3249,,39.3,39.3,
Holocentridae,Neoniphon sammara,4911,4,45.5,49,42
Holocentridae,Neoniphon sammara,4911,11,48.5,59,38
Holocentridae,Plectrypops retrospinis,3253,,43.6,43.6,
Holocentridae,Sargocentron coruscum,3248,,35.5,35.5,
Holocentridae,Sargocentron microstoma,5841,4,40.3,46,36
Holocentridae,Sargocentron punctatissimum,4906,1,45,45,45
Holocentridae,Sargocentron spiniferum,6507,5,39.8,43,37
Holocentridae,Sargocentron vexillarium,3251,,35.9,35.9,
Kuhlidae,Kuhlia sandvicensis,5157,,60,60,
Kyphosidae,Medialuna californiensis,3597,,60,60,
Labridae,Anampses caeruleopunctatus,4888,1,25,25,
Labridae,Anampses chrysocephalus,4919,4,29.5,31,28
Labridae,Anampses cuvier,4916,2,44.5,52,37
Labridae,Anampses twistii,4893,4,28.8,38,23
Labridae,Bodianus axillaris,5498,4,23.5,28,18
Labridae,Bodianus bilunulatus,6580,10,66.8,78,52
Labridae,Bodianus diplotaenia,8270,138,40,51,31
Labridae,Bodianus diplotaenia,8270,10,39.5,48,32
Labridae,Bodianus eclancheri,8272,3,32.3,35,31
Labridae,Bodianus mesothorax,5501,3,30.3,34,26
Labridae,Bodianus perditio,7734,6,59.6,67,51
Labridae,Bodianus rufus,1067,,41.6,51,32
Labridae,Cheilinus chlorourus,5598,8,27.1,30,25
Labridae,Cheilinus fasciatus,5600,7,25.7,27,24
Labridae,Cheilinus trilobatus,5603,,29.6,36,26
Labridae,Cheilinus trilobatus,5603,8,29.6,42,31
Labridae,Cheilinus undulatus,5604,,34.3,40,29
Labridae,Cheilinus undulatus,5604,3,34.3,36,26
Labridae,Cheilio inermis,5623,10,56.1,73,43
Labridae,Choerodon anchorago,5502,10,19.3,23,17
Labridae,Choerodon fasciatus,12722,2,20,21,19
Labridae,Choerodon graphicus,8128,6,27,28,25
Labridae,Cirrhilabrus cyanopleura,5106,1,30,30,
Labridae,Cirrhilabrus cyanopleura,5106,10,21.1,24,19
Labridae,Cirrhilabrus scottorum,12728,1,27,28,
Labridae,Cirrhilabrus sp.,#N/A,,28,28,30
Labridae,Cirrhilabrus temminckii,5484,2,28,30,26
Labridae,Cirrhilabrus temminckii,5484,1,24,24,
Labridae,Cirrhilabrus temminckii,5484,1,30,30,
Labridae,Cirrhitichthys oxycephalus,5830,1,51,51,
Labridae,Clepticus parrae,3656,,38.5,49,35
Labridae,Coris aygula,5624,1,51,51,
Labridae,Coris aygula,5624,1,52,52,
Labridae,Coris batuensis,25688,1,28,28,28
Labridae,Coris batuensis,25688,2,30.5,33,28
Labridae,Coris batuensis,25688,3,29.7,30,28
Labridae,Coris batuensis,25688,10,22,25,19
Labridae,Coris flavovittata,7827,2,53,54,52
Labridae,Coris gaimard,5625,1,51.3,60,35
Labridae,Coris gaimard,5625,10,44.9,53,42
Labridae,Coris gaimard,5625,9,41.1,52,36
Labridae,Coris julis,58,,68.5,68.5,
Labridae,Coris julis,58,75,28.1,34,21
Labridae,Coris julis,58,,28.9,28.9,
Labridae,Coris picta,7183,?,46.2,46.2,
Labridae,Coris variegata,5485,3,29.7,30,28
Labridae,Coris variegata,5485,,30.5,30.5,
Labridae,Coris variegata,5485,,22,22,
Labridae,Coris variegata,5485,13,29,29.88752031,
Labridae,Coris venusta,7826,10,46.1,50,40
Labridae,Ctenolabrus rupestris,61,66,20.9,28,18
Labridae,Ctenolabrus rupestris,61,,21.5,21.5,
Labridae,Cymolutes lecluse,6081,10,75.9,91,60
Labridae,Cymolutes praetextatus,5607,1,71,71,71
Labridae,Diproctacanthus xanthurus,5108,10,17.3,20,15
Labridae,Doratonotus megalepis,3658,,21.9,24,20
Labridae,Epibulus insidiator,5606,10,30.4,38,25
Labridae,Gomphosus varius,5626,5,52.8,75,42
Labridae,Gomphosus varius,5626,3,65.3,72,62
Labridae,Gomphosus varius,5626,9,51.8,60,42
Labridae,Halichoeres adustus,13837,35,33,38,29
Labridae,Halichoeres argus,4857,10,25,27,22
Labridae,Halichoeres biocellatus,5627,1,21,21,
Labridae,Halichoeres biocellatus,5627,1,27,27,
Labridae,Halichoeres biocellatus,5627,10,24.8,28,20
Labridae,Halichoeres bivittatus,3660,,24.1,26,22
Labridae,Halichoeres bivittatus,3661,200,22,27,19
Labridae,Halichoeres bivittatus,3660,10,20.8,24,17
Labridae,Halichoeres chierchiae,13839,117,28.5,38,21
Labridae,Halichoeres chierchiae,13839,10,31.3,38,25
Labridae,Halichoeres chloropterus,4859,10,21.1,25,19
Labridae,Halichoeres chrysus,4855,10,26.1,29,23
Labridae,Halichoeres discolor,46582,28,32,38,29
Labridae,Halichoeres dispilus,8208,147,39.4,50,30
Labridae,Halichoeres dispilus,8208,10,41.1,50,33
Labridae,Halichoeres garnoti,3663,,25.9,30,23
Labridae,Halichoeres garnoti,3663,10,23.6,26,21
Labridae,Halichoeres hortulanus,12663,10,32.5,37,28
Labridae,Halichoeres insularis,13843,20,35.5,39,32
Labridae,Halichoeres maculipinna,3664,,25.8,29,22
Labridae,Halichoeres maculipinna,3664,1,35,35,35
Labridae,Halichoeres maculipinna,3664,6,27.7,28.04292856,
Labridae,Halichoeres margaritaceus,5630,10,21.7,26,18
Labridae,Halichoeres marginatus,5631,10,22.2,25,20
Labridae,Halichoeres melanotis,13845,10,35.7,40,31
Labridae,Halichoeres melanurus,4858,2,27.5,28,27
Labridae,Halichoeres melanurus,4858,,24,28,20
Labridae,Halichoeres melanurus,4858,10,22.1,24,20
Labridae,Halichoeres nebulosus,6663,10,23.9,26,20
Labridae,Halichoeres nicholsi,13846,71,30.4,38,24
Labridae,Halichoeres nicholsi,13846,10,32.4,38,26
Labridae,Halichoeres notospilus,8330,41,37.9,47,29
Labridae,Halichoeres notospilus,8330,5,37.6,42,35
Labridae,Halichoeres ornatissimus,6664,10,39.5,56,33
Labridae,Halichoeres pictus,3665,,24.9,28,22
Labridae,Halichoeres poeyi,3666,,24.1,27,22
Labridae,Halichoeres prosopeion,4862,10,21.2,26,19
Labridae,Halichoeres radiatus,1068,,24.9,31,22
Labridae,Halichoeres radiatus,1068,,24,28,20
Labridae,Halichoeres radiatus,1068,,25,31,22
Labridae,Halichoeres radiatus,1068,6,24.33333333,27,18
Labridae,Halichoeres richmondi,5632,4,20.8,22,20
Labridae,Halichoeres scapularis,5633,10,24.4,28,21
Labridae,Halichoeres semicinctus,3667,7,29.9,36,24
Labridae,Halichoeres sp.,None,4,37,40,34
Labridae,Halichoeres trimaculatus,5634,10,26.8,32,21
Labridae,Hemigymnus fasciatus,5635,10,25.8,34,19
Labridae,Hemigymnus melapterus,5636,10,23.9,29,20
Labridae,Iniistius pavo,5613,14,51,67,42
Labridae,Iniistius pavo,5613,2,72.5,77,68
Labridae,Iniistius pavo,5613,1,57,57,57
Labridae,Labrichthys unilineatus,5109,10,19.2,24,17
Labridae,Labroides bicolor,5650,1,24,24,
Labridae,Labroides bicolor,5650,4,24.5,26,23
Labridae,Labroides dimidiatus,5459,2,26,26,26
Labridae,Labroides dimidiatus,5459,6,23.2,24,22
Labridae,Labroides dimidiatus,5459,10,20.3,24,18
Labridae,Labroides pectoralis,5651,10,26.8,31,22
Labridae,Labroides phthirophagus,7765,10,32.1,38,27
Labridae,Labropsis micronesica,4867,1,22,22,22
Labridae,Labropsis xanthonota,4865,2,30.5,33,28
Labridae,Labrus merula,4582,,86,86,
Labridae,Labrus viridis,51659,22,31.3,35,27
Labridae,Labrus viridis,51659,,34,34,
Labridae,Lachnolaimus maximus,1071,,25.8,30,21
Labridae,Lachnolaimus maximus,1071,5,29.6,32,25
Labridae,Macropharyngodon geoffroy,7767,9,32.3,43,25
Labridae,Macropharyngodon meleagris,4984,1,30,30,
Labridae,Macropharyngodon meleagris,4984,10,25,36,20
Labridae,Macropharyngodon negrosensis,4985,1,25,25,25
Labridae,Novaculichthys macrolepidotus,5609,2,70.5,77,64
Labridae,Novaculichthys taeniourus,5610,3,51.7,53,49
Labridae,Novaculichthys taeniourus,5610,2,45,48,43
Labridae,Novaculichthys taeniourus,5610,7,50.3,57,44
Labridae,Novaculichthys taeniourus,5610,2,73.5,74,73
Labridae,Novaculichthys taeniourus,5610,10,55,71,46
Labridae,Oxycheilinus bimaculatus,5596,3,54.3,60,51
Labridae,Oxycheilinus bimaculatus,5596,10,46.7,52,41
Labridae,Oxycheilinus digramma,5599,10,26.1,36,21
Labridae,Oxycheilinus unifasciatus,5605,10,36.2,40,29
Labridae,Oxyjulis californica,3670,,39.4,43,36
Labridae,Pseudocheilinus evanidus,5616,10,49.4,72,38
Labridae,Pseudocheilinus evanidus,5616,10,35.6,42,31
Labridae,Pseudocheilinus hexataenia,5617,10,35,46,26
Labridae,Pseudocheilinus octotaenia,5618,10,47.7,55,38
Labridae,Pseudocheilinus octotaenia,5618,4,35.5,38,33
Labridae,Pseudocheilinus tetrataenia,5619,3,49.3,55,42
Labridae,Pseudojuloides cerasinus,4851,10,42.4,52,35
Labridae,Pteragogus cryptus,5620,3,20.6,22,19
Labridae,Pteragogus flagellifer,8022,1,23,23,23
Labridae,Pteragogus guttatus,5621,2,20.5,22,19
Labridae,Semicossyphus darwini,12859,2,37,38,35
Labridae,Semicossyphus pulcher,3672,29,60,78,37
Labridae,Semicossyphus pulcher,3671,10,37.4,52,34
Labridae,Stethojulis balteata,7828,1,35,35,
Labridae,Stethojulis balteata,7828,10,42.1,48,35
Labridae,Stethojulis bandanensis,5640,10,35,44,31
Labridae,Stethojulis bandanensis,5640,10,26.4,32,22
Labridae,Stethojulis notialis,57373,6,40.3,43,32
Labridae,Stethojulis sp.,None,1,26,26,26
Labridae,Stethojulis strigiventer,5641,10,23.4,28,20
Labridae,Symphodus cinereus,1791,54,11.6,14,10
Labridae,Symphodus cinereus,1791,,11.7,11.7,
Labridae,Symphodus doderleini,54573,56,13,15,11
Labridae,Symphodus doderleini,54573,,12.7,12.7,
Labridae,Symphodus mediterraneus,4578,72,13.6,16,11
Labridae,Symphodus mediterraneus,4578,,13.4,13.4,
Labridae,Symphodus melops,59,2,15,15,15
Labridae,Symphodus melops,59,,15,15,
Labridae,Symphodus ocellatus,1792,220,10.1,13,8
Labridae,Symphodus ocellatus,1792,,10,10,
Labridae,Symphodus ocellatus,1792,,10.3,10.3,
Labridae,Symphodus roissali,1709,,70,70,
Labridae,Symphodus roissali,1709,292,12.6,18,9
Labridae,Symphodus roissali,1709,,12.8,12.8,
Labridae,Symphodus roissali,1709,,12.57,12.57,
Labridae,Symphodus rostratus,4580,10,14.8,17,13
Labridae,Symphodus rostratus,4580,,13.5,13.5,
Labridae,Symphodus tinca,1708,,59.5,59.5,
Labridae,Symphodus tinca,1708,82,10.8,13,9
Labridae,Symphodus tinca,1708,,10.5,10.5,
Labridae,Tautoga onitis,458,,25.4,30,22
Labridae,Tautogolabrus adspersus,3672,,28.4,32,25
Labridae,Thalassoma amblycephalum,5642,10,72.4,90,53
Labridae,Thalassoma ballieui,7771,10,84,121,65
Labridae,Thalassoma bifasciatum,3673,,49.3,78,38
Labridae,Thalassoma bifasciatum,3674,385,50,82,34
Labridae,Thalassoma bifasciatum,3673,10,39.5,50,32
Labridae,Thalassoma bifasciatum,3674,9,54,55.26666667,
Labridae,Thalassoma duperrey,7770,10,89.2,114,75
Labridae,Thalassoma grammaticum,13822,76,61.8,94,45
Labridae,Thalassoma hardwicke,5643,5,70.8,76,66
Labridae,Thalassoma hardwicke,5643,6,45.7,47,44
Labridae,Thalassoma hardwicke,5643,10,47,63,39
Labridae,Thalassoma jansenii,5644,10,63.3,85,50
Labridae,Thalassoma lucasanum,13860,721,70.2,104,37
Labridae,Thalassoma lucasanum,13860,10,74.3,94,62
Labridae,Thalassoma lunare,5645,3,54.7,56,53
Labridae,Thalassoma lunare,5645,4,47,47,
Labridae,Thalassoma lunare,5645,10,46.8,55,39
Labridae,Thalassoma lunare,5645,10,52,53.20166551,
Labridae,Thalassoma lutescens,5646,1,78,78,78
Labridae,Thalassoma pavo,2500,71,38.9,48,30
Labridae,Thalassoma pavo,2500,,43.9,43.9,
Labridae,Thalassoma purpureum,5647,3,57.7,62,50
Labridae,Thalassoma quinquevittatum,5648,10,56.4,68,46
Labridae,Thalassoma robertsoni,59638,52,58.6,70,45
Labridae,Thalassoma trilobatum,5649,10,78.3,99,60
Labridae,Thalassoma virens,13821,59,68.8,96,49
Labridae,Xyrichtys martinicensis,3668,,78.3,98,59
Labridae,Xyrichtys martinicensis,3668,6,30,35,25
Labridae,Xyrichtys mundiceps,57449,10,59.2,67,55
Labridae,Xyrichtys novacula,4581,,50.5,62,38
Labridae,Xyrichtys novacula,4581,33,34.2,55,28
Labridae,Xyrichtys novacula,4581,7,32.42857143,38,27
Labridae,Xyrichtys sp.,None,3,70.7,75,66
Labridae,Xyrichtys splendens,3669,,104,114,85
Labridae,Xyrichtys splendens,3669,10,40.2,52,27
Labridae,Xyrichtys victori,46579,3,73.7,76,69
Labridae,Xyrichtys wellingtoni,59639,5,68,70,66
Blennioidei,Labrisomus nuchipinnis,3735,2,25,28,22
Blennioidei,Malacoctenus hubbsi,46741,,24,24,
Blennioidei,Malacoctenus macropus,3737,8,21.375,27,17
Blennioidei,Paraclinus nigripinnis,3749,4,18.75,21,15
Blennioidei,Starksia ocellata,3750,2,19,21,17
Lethrinidae,Gnathodentex aureolineatus,1832,108,40,40,?
Lethrinidae,Lethrinus genivittatus,1865,58,27.7,31,24
Lethrinidae,Lethrinus nebulosus,1846,1,37,37,37
Lethrinidae,Lethrinus variegatus,1850,1,32,32,32
Lethrinidae,Lethrinus xanthochilus,1852,,26.65,26.65,
Lethrinidae,Monotaxis grandoculis,1869,3,33.3,37,30
Lotidae,Gaidropsarus mediterraneus,1740,1,43,43,43
Lotidae,Gaidropsarus mediterraneus,1740,,43,43,
Lutjanidae,Hoplopagrus guentherii,1393,,21.5,21.5,
Lutjanidae,Lethrinus genivittatus,1865,,26.5,26.5,
Lutjanidae,Lutjanus analis,1403,,31,37,27
Lutjanidae,Lutjanus apodus,1404,,32,39,27
Lutjanidae,Lutjanus argentiventris,1408,,22.9,26,19
Lutjanidae,Lutjanus buccanella,1419,1,26,26,26
Lutjanidae,Lutjanus campechanus,1423,,28,28,
Lutjanidae,Lutjanus carponotatus,1424,,35,38,33
Lutjanidae,Lutjanus carponotatus,1424,unknown,,27,21
Lutjanidae,Lutjanus fulviflamma,261,,26.12,26.12,
Lutjanidae,Lutjanus fulvus,262,5,32.5,37,28
Lutjanidae,Lutjanus fulvus,262,4,22.9,25,21
Lutjanidae,Lutjanus gibbus,265,,62,62,
Lutjanidae,Lutjanus griseus,266,142,25,33,20
Lutjanidae,Lutjanus griseus,266,,35,48,22
Lutjanidae,Lutjanus griseus,266,,39,48,33
Lutjanidae,Lutjanus griseus,266,,33,40,25
Lutjanidae,Lutjanus griseus,266,,30,37,24
Lutjanidae,Lutjanus guttatus,152,,24.1,24.1,
Lutjanidae,Lutjanus guttatus,152,,24.4,24.4,
Lutjanidae,Lutjanus kasmira,156,?,31,31,?
Lutjanidae,Lutjanus novemfasciatus,169,,20.6,20.6,
Lutjanidae,Lutjanus novemfasciatus,169,,22.9,22.9,
Lutjanidae,Lutjanus sebae,178,1,40,40,
Lutjanidae,Lutjanus synagris,181,,18,23,15
Lutjanidae,Lutjanus synagris,181,,28.5,40,15
Lutjanidae,Lutjanus synagris,181,,34,40,28
Lutjanidae,Lutjanus synagris,181,1,15,15,15
Lutjanidae,Lutjanus viridis,183,,37.9,37.9,
Lutjanidae,Lutjanus vitta,184,3,31.3,35,29
Lutjanidae,Ocyurus chrysurus,188,,36,47,25
Lutjanidae,Ocyurus chrysurus,188,,38,47,32
Lutjanidae,Ocyurus chrysurus,188,,31,35,25
Lutjanidae,Ocyurus chrysurus,188,10,18.6,23,16
Lutjanidae,Pristipomoides filamentosus,201,,45,45,
Malacanthidae,Hoplolatilus purpureus,15342,3,34,36,33
Merlucciidae,Merluccius bilinearis,323,,34.5,34.5,
Merlucciidae,Merluccius merluccius,30,284,62.7,93,40
Merlucciidae,Merluccius productus,326,,88,88,
Merlucciidae,Merluccius productus,326,,88,88,
Gobiidae,Gunnelichthys sp.,None,4,34.8,37,32
Gobiidae,Gunnelichthys sp.,None,4,38.3,41,34
Gobiidae,Ptereleotris sp.,None,4,42,42,42
Monacanthidae,Acreichthys tomentosus,7849,6,23.9,27,21
Monacanthidae,Meuschenia scaber,13139,,44,44,
Monacanthidae,Monacanthus chinensis,7976,1,20,20,20
Monacanthidae,Monacanthus tuckeri,4283,,41.9,41.9,
Monacanthidae,Paraluteres prionurus,6560,1,28,28,28
Moronidae,Dicentrarchus labrax,63,,46,46,
Moronidae,Dicentrarchus labrax,63,,45.6,73,28
Moronidae,Morone americana,355,,85,85,
Moronidae,Morone americana,355,,84.5,207,35
Moronidae,Morone saxatilis,353,,23,23,
Moronidae,Morone saxatilis,353,,33,33,
Moronidae,Morone saxatilis,353,,33,48,23
Mugilidae,Mugil cephalus,785,,42,42,
Mugilidae,Mugilidae sp.,None,6,34.3,38,31
Pinguipedidae,Parapercis australis,62212,6,41.6,67,37
Mullidae,Mulloidichthys flavolineatus,5983,3,69.7,71,68
Mullidae,Mulloidichthys flavolineatus,5983,32,55,55,?
Mullidae,Mulloidichthys flavolineatus,5983,86,55.6,55.6,?
Mullidae,Mulloidichthys vanicolensis,5984,1,36.3,37,35
Mullidae,Mullus surmuletus,1327,52,30.1,35,28
Mullidae,Parupeneus barberinus,5987,4,38,39,36
Mullidae,Parupeneus barberinus,5987,,35.5,38,30
Mullidae,Parupeneus barberinus,5987,,34.5,40,31
Mullidae,Parupeneus barberinus,5987,,35,42,29
Mullidae,Parupeneus barberinus,5987,1,50,50,
Mullidae,Parupeneus multifasciatus,5993,4,46.3,47,45
Mullidae,Parupeneus multifasciatus,5993,3,43.7,43.81547005,
Mullidae,Parupeneus pleurostigma,5994,3,50.3,57,45
Mullidae,Parupeneus pleurostigma,5994,1,50,50,
Mullidae,Upeneus tragula,5443,,31.1,34,28
Muraenidae,Echidna nebulosa,5388,1,80,80,
Muraenidae,Muraena sp.,None,1,36,39,33
Muraenidae,Rhinomuraena quaesita,8594,2,71,82,60
Nemipteridae,Scolopsis bilineata,5885,1,25,25,25
Nemipteridae,Scolopsis taenioptera,5875,3,19,24,15
Opistognathidae,Opistognathus whitehursti,3689,2,26.5,27,26
Osmeridae,Mallotus villosus,252,,150,150,
Ostraciidae,Lactoria cornuta,6399,1,58,58,58
Ostraciidae,Ostracion cubicus,6555,7,44.3,55,35
Ostraciidae,Ostracion meleagris,6556,,54,70,38
Ostraciidae,Ostracion meleagris,6556,2,69,70,68
Paralichthyidae,Citharichthys sordidus,4215,,,,
Paralichthyidae,Citharichthys sordidus,4215,,271,271,
Paralichthyidae,Citharichthys sordidus,4215,,271,271,
Paralichthyidae,Citharichthys stigmaeus,4217,,,,
Paralichthyidae,Citharichthys stigmaeus,4217,,324,324,
Paralichthyidae,Citharichthys stigmaeus,4217,,219,219,
Paralichthyidae,Paralichthys californicus,4228,,24.5,24.5,
Paralichthyidae,Paralichthys californicus,4228,,38.5,38.5,
Paralichthyidae,Paralichthys californicus,4228,,,,
Paralichthyidae,Paralichthys californicus,4228,,27,27,
Paralichthyidae,Paralichthys dentatus,1338,,99,99,
Paralichthyidae,Paralichthys dentatus,1338,,98.8,98.8,
Paralichthyidae,Paralichthys olivaceus,1351,,27,27,
Paralichthyidae,Paralichthys olivaceus,1351,,38,38,
Paralichthyidae,Paralichthys olivaceus,1351,,70,70,
Paralichthyidae,Paralichthys olivaceus,1351,,,,
Pholidae,Apodichthys flavidus,3799,,50,50,
Platacidae,Platax pinnatus,5738,1,25,25,
Pleuronectidae,Ammotretis rostratus,8837,,36,36,
Pleuronectidae,Ammotretis rostratus,8837,,69,69,
Pleuronectidae,Eopsetta jordani,4237,,180,180,
Pleuronectidae,Eopsetta jordani,4237,,180,180,
Pleuronectidae,Glyptocephalus cynoglossus,26,,,,
Pleuronectidae,Glyptocephalus zachirus,4238,,,,
Pleuronectidae,Glyptocephalus zachirus,4238,,364,364,
Pleuronectidae,Hippoglossus stenolepis,514,,,,
Pleuronectidae,Hypsopsetta guttulata,4241,,38.5,38.5,
Pleuronectidae,Hypsopsetta guttulata,4241,,38.5,38.5,
Pleuronectidae,Hypsopsetta guttulata,4241,,,,
Pleuronectidae,Kareius bicoloratus,8557,,,,
Pleuronectidae,Lepidopsetta bilineata,24237,,,,
Pleuronectidae,Limanda ferruginea,521,,,,
Pleuronectidae,Microstomus pacificus,4247,,364,364,
Pleuronectidae,Parophrys vetulus,4248,,63,63,
Pleuronectidae,Platichthys stellatus,4249,,42.5,42.5,
Pleuronectidae,Platichthys stellatus,4249,,57,57,
Pleuronectidae,Platichthys stellatus,4249,,39,39,
Pleuronectidae,Platichthys stellatus,4249,,65,65,
Pleuronectidae,Platichthys stellatus,4249,,,,
Pleuronectidae,Platichthys stellatus,4249,,,,
Pleuronectidae,Pleuronectes platessa,1342,,100,100,
Pleuronectidae,Pleuronectes platessa,1342,,,,
Pleuronectidae,Psettichthys melanostictus,4255,,,,
Pleuronectidae,Pseudopleuronectes americanus,524,,87,87,
Pleuronectidae,Pseudopleuronectes americanus,524,,87,230,33
Pleuronectidae,Pseudopleuronectes americanus,524,,49,49,
Pleuronectidae,Pseudopleuronectes americanus,524,,80,80,
Pleuronectidae,Pseudopleuronectes americanus,524,,180,180,
Pleuronectidae,Pseudopleuronectes herzensteini,8556,,,,
Pleuronectidae,Pseudopleuronectes yokohamae,8170,,,,
Pleuronectidae,Rhombosolea tapirina,8889,,48.5,48.5,
Pleuronectidae,Rhombosolea tapirina,8889,,65,65,
Pomacanthidae,Apolemichthys trimaculatus,6525,3,24.17,26,22
Pomacanthidae,Apolemichthys trimaculatus,6525,3,24.2,26,22
Pomacanthidae,Centropyge acanthops,9222,1,34,34,34
Pomacanthidae,Centropyge argi,3607,4,36.8,40,34
Pomacanthidae,Centropyge bicolor,5454,3,32,34,29
Pomacanthidae,Centropyge bispinosa,5458,3,32,33,31
Pomacanthidae,Centropyge eibli,10870,6,25.3,27,24
Pomacanthidae,Centropyge ferrugata,6667,1,38,38,
Pomacanthidae,Centropyge fisheri,7813,,38.33,38.33,
Pomacanthidae,Centropyge flavicauda,5664,3,38.33,39,37
Pomacanthidae,Centropyge flavissima,5457,4,30,32,27
Pomacanthidae,Centropyge flavissima,5457,3,30.3,32,28
Pomacanthidae,Centropyge heraldi,5665,4,32,32,32
Pomacanthidae,Centropyge interruptus,10990,2,31.5,34,29
Pomacanthidae,Centropyge loricula,7814,1,38,38,
Pomacanthidae,Centropyge multifasciata,5666,3,26.2,28,25
Pomacanthidae,Centropyge nox,6647,2,31.5,33,28
Pomacanthidae,Centropyge potteri,7812,4,35.5,38,34
Pomacanthidae,Centropyge tibicen,6548,3,30,34,27
Pomacanthidae,Centropyge venustus,11189,1,25,25,25
Pomacanthidae,Centropyge vrolikii,5447,1,29,29,
Pomacanthidae,Chaetodontoplus duboulayi,10823,34,21.64,23,18
Pomacanthidae,Chaetodontoplus melanosoma,10472,3,22.2,23,20
Pomacanthidae,Chaetodontoplus mesoleucus,5660,5,19.9,22,18
Pomacanthidae,Chaetodontoplus mesoleucus,5660,5,19.9,22,18
Pomacanthidae,Chaetodontoplus personifer,10828,4,23.25,24,23
Pomacanthidae,Chaetodontoplus septentrionalis,11124,1,23,23,
Pomacanthidae,Genicanthus bellus,5667,1,25,25,25
Pomacanthidae,Genicanthus melanospilos,8710,1,25,25,25
Pomacanthidae,Holacanthus bermudensis,3608,3,23,23,11
Pomacanthidae,Holacanthus bermudensis,3608,7,19.14285714,22,16
Pomacanthidae,Holacanthus ciliaris,3609,12,22.4,24,20
Pomacanthidae,Holacanthus tricolor,3610,11,29.7,34,24
Pomacanthidae,Pomacanthus annularis,7902,2,21,22,20
Pomacanthidae,Pomacanthus arcuatus,1117,3,21.3,22,20
Pomacanthidae,Pomacanthus arcuatus,1117,10,18.5,23,13
Pomacanthidae,Pomacanthus imperator,6504,2,22,22,22
Pomacanthidae,Pomacanthus navarchus,5661,3,22.83,24,22
Pomacanthidae,Pomacanthus paru,1118,6,17.7,19,17
Pomacanthidae,Pomacanthus semicirculatus,5663,4,19.5,20,19
Pomacanthidae,Pomacanthus sexstriatus,6564,2,18,19,17
Pomacanthidae,Pomacanthus xanthometopon,5662,4,20.38,22,19
Pomacanthidae,Pygoplites diacanthus,6572,2,24.5,26,23
Pomacentridae,Abudefduf abdominalis,6652,1,24.2,28,20
Pomacentridae,Abudefduf abdominalis,6652,2,17.5,18,17
Pomacentridae,Abudefduf bengalensis,6517,4,22.8,24,21
Pomacentridae,Abudefduf concolor,11793,24,19.7,24,15
Pomacentridae,Abudefduf concolor,11793,1,22,22,22
Pomacentridae,Abudefduf declivifrons,55868,60,21.9,28,17
Pomacentridae,Abudefduf lorenzi,5685,2,23,25,21
Pomacentridae,Abudefduf saxatilis,1119,,23,28,17
Pomacentridae,Abudefduf saxatilis,1119,3,24,28,21
Pomacentridae,Abudefduf sexfasciatus,5688,,19.5,23,16
Pomacentridae,Abudefduf sexfasciatus,5688,,18,20,16
Pomacentridae,Abudefduf sexfasciatus,5688,,19,22,16
Pomacentridae,Abudefduf sexfasciatus,5688,8,21.4,24,19
Pomacentridae,Abudefduf sexfasciatus,5688,6,17.3,18,16
Pomacentridae,Abudefduf sordidus,5689,10,26.1,31,23
Pomacentridae,Abudefduf taurus,1120,3,27.7,28,27
Pomacentridae,Abudefduf taurus,1120,,21.2,21.2,
Pomacentridae,Abudefduf troschelii,8245,11,18.1,22,16
Pomacentridae,Abudefduf vaigiensis,6630,1,23,23,23
Pomacentridae,Abudefduf vaigiensis,6630,19,22.1,27,19
Pomacentridae,Abudefduf vaigiensis,6630,3,18.3,20,17
Pomacentridae,Abudefduf whitleyi,9626,6,18.3,22,17
Pomacentridae,Acanthochromis polyacanthus,6655,8,0,0,0
Pomacentridae,Acanthochromis polyacanthus,6655,5,0,0,0
Pomacentridae,Amblyglyphidodon aureus,5690,15,17,19,16
Pomacentridae,Amblyglyphidodon aureus,5690,5,16,16,16
Pomacentridae,Amblyglyphidodon curacao,5477,42,17,22,15
Pomacentridae,Amblyglyphidodon curacao,5477,15,17,23,14
Pomacentridae,Amblyglyphidodon curacao,5477,,14,16,11
Pomacentridae,Amblyglyphidodon curacao,5477,6,17.3,18,17
Pomacentridae,Amblyglyphidodon curacao,5477,10,13.1,15,12
Pomacentridae,Amblyglyphidodon leucogaster,5691,3,17.7,18,17
Pomacentridae,Amblyglyphidodon leucogaster,5691,4,15,15,15
Pomacentridae,Amblyglyphidodon ternatensis,5692,2,20,20,20
Pomacentridae,Amphiprion akindynos,11959,18,13,14,8
Pomacentridae,Amphiprion akindynos,11959,8,11.8,13,10
Pomacentridae,Amphiprion chrysopterus,4551,1,17,17,17
Pomacentridae,Amphiprion clarkii,5448,42,8.8,11,7
Pomacentridae,Amphiprion clarkii,5448,2,15.5,16,15
Pomacentridae,Amphiprion melanopus,4654,42,11,22,8
Pomacentridae,Amphiprion melanopus,4654,15,11,13,8
Pomacentridae,Amphiprion melanopus,4654,6,18,18,
Pomacentridae,Amphiprion melanopus,4654,,12.3,12.3,
Pomacentridae,Amphiprion melanopus,4654,,9,9,
Pomacentridae,Amphiprion melanopus,4654,60,8,8,
Pomacentridae,Amphiprion melanopus,4654,12,11.3,14,9
Pomacentridae,Amphiprion melanopus,4654,5,18.6,22,15
Pomacentridae,Amphiprion percula,9209,,11,13,10
Pomacentridae,Amphiprion percula,9209,12,10.7,11,7
Pomacentridae,Amphiprion perideraion,2024,9,10.6,12,10
Pomacentridae,Amphiprion perideraion,2024,2,18,18,18
Pomacentridae,Amphiprion polymnus,8086,7,11,12,9
Pomacentridae,Amphiprion tricinctus,4655,18,10.1,11,9
Pomacentridae,Cheiloprion labiatus,5684,4,16.5,19,15
Pomacentridae,Chromis agilis,5669,4,32.7,35,30
Pomacentridae,Chromis alpha,5670,1,30,30,30
Pomacentridae,Chromis alta,11853,5,18.7,20,18
Pomacentridae,Chromis amboinensis,5671,7,22.1,25,19
Pomacentridae,Chromis atrilobata,8279,23,28.9,38,23
Pomacentridae,Chromis atrilobata,8279,2,33,38,28
Pomacentridae,Chromis atripectoralis,5450,41,16,24,10
Pomacentridae,Chromis atripectoralis,5450,4,21,21,
Pomacentridae,Chromis atripectoralis,5450,,20,21,20
Pomacentridae,Chromis atripectoralis,5450,?,10.8,12,10
Pomacentridae,Chromis atripectoralis,5450,1,19,19,
Pomacentridae,Chromis atripectoralis,5450,2,23,26,20
Pomacentridae,Chromis atripectoralis,5450,4,20.3,21,20
Pomacentridae,Chromis atripectoralis,5451,,22,24,18
Pomacentridae,Chromis atripes,4982,5,28.6,30,28
Pomacentridae,Chromis atripes,4982,10,31.4,34,25
Pomacentridae,Chromis caerulea,4983,,26,26,26
Pomacentridae,Chromis caudalis,5672,2,27,28,26
Pomacentridae,Chromis chromis,1706,425,18.6,25,15
Pomacentridae,Chromis chromis,1706,,18.1,18.1,
Pomacentridae,Chromis chrysura,6656,5,23.2,26,21
Pomacentridae,Chromis cyanea,3642,,29.9,29.9,
Pomacentridae,Chromis delta,5673,3,24,25,23
Pomacentridae,Chromis dispilus,56865,,30,30,
Pomacentridae,Chromis hanui,7817,1,27,27,27
Pomacentridae,Chromis insolata,3644,,31.7,31.7,
Pomacentridae,Chromis insolata,3644,,19.8,19.8,
Pomacentridae,Chromis iomelas,8126,7,24.4,29,17
Pomacentridae,Chromis lepidolepis,5674,5,28,29,27
Pomacentridae,Chromis lepidolepis,5674,10,30.6,34,28
Pomacentridae,Chromis limbaughi,11869,15,22.8,27,20
Pomacentridae,Chromis limbaughi,11869,5,24.2,27,20
Pomacentridae,Chromis lineata,5128,6,30.5,42,26
Pomacentridae,Chromis lineata,5128,2,37,38,36
Pomacentridae,Chromis margaritifer,5675,5,30.4,33,27
Pomacentridae,Chromis margaritifer,5675,10,33.2,36,30
Pomacentridae,Chromis multilineata,1121,2,33,33,33
Pomacentridae,Chromis multilineata,1121,12,25.7,27.08564065,
Pomacentridae,Chromis multilineata,1121,11,25.8,30,24
Pomacentridae,Chromis notata,12425,,40,44.5,36
Pomacentridae,Chromis punctipinnis,3646,14,35.2,38,32
Pomacentridae,Chromis retrofasciata,5676,9,24.2,26,22
Pomacentridae,Chromis retrofasciata,5676,10,18.7,24,17
Pomacentridae,Chromis sp.,None,3,23.7,26,20
Pomacentridae,Chromis sp.1,None,4,28,33,23
Pomacentridae,Chromis sp.2,None,5,30.2,34,27
Pomacentridae,Chromis ternatensis,5677,4,28.8,32,22
Pomacentridae,Chromis ternatensis,5677,10,28.3,31,25
Pomacentridae,Chromis vanderbilti,5678,7,36.1,47,27
Pomacentridae,Chromis vanderbilti,5678,2,31,32,30
Pomacentridae,Chromis viridis,5679,6,21,22,20
Pomacentridae,Chromis viridis,5679,20,21,25,16
Pomacentridae,Chromis viridis,5679,5,29,30,28
Pomacentridae,Chromis viridis,5679,30,28.97,32,26
Pomacentridae,Chromis viridis,5679,29,27.79,31,25
Pomacentridae,Chromis viridis,5679,26,28.19,31,25
Pomacentridae,Chromis viridis,5679,54,20.5,25,17
Pomacentridae,Chromis viridis,5679,50,20.8,22,?
Pomacentridae,Chromis viridis,5679,5,25,26,23
Pomacentridae,Chromis viridis,5679,11,24.1,29,21
Pomacentridae,Chromis viridis,5679,?,20.7,20.7,?
Pomacentridae,Chromis viridis,5679,10,20.7,24,18
Pomacentridae,Chromis weberi,5680,5,31.2,34,26
Pomacentridae,Chromis xanthura,5682,3,28.2,33,23
Pomacentridae,Chrysiptera biocellata,5693,1,19,19,
Pomacentridae,Chrysiptera biocellata,5693,5,18.6,20,14
Pomacentridae,Chrysiptera biocellata,5693,10,18.2,20,17
Pomacentridae,Chrysiptera brownriggii,5697,4,26,29,24
Pomacentridae,Chrysiptera brownriggii,5697,2,19.5,20,19
Pomacentridae,Chrysiptera brownriggii,5697,10,20.9,23,18
Pomacentridae,Chrysiptera cyanea,5695,6,19.5,21,17
Pomacentridae,Chrysiptera cyanea,5695,15,17.4,20,12
Pomacentridae,Chrysiptera cyanea,5695,10,15.4,16,14
Pomacentridae,Chrysiptera flavipinnis,11966,3,19,20,18
Pomacentridae,Chrysiptera galba,12439,10,23.5,30,20
Pomacentridae,Chrysiptera glauca,5696,3,22.7,24,20
Pomacentridae,Chrysiptera glauca,5696,9,30.4,36,25
Pomacentridae,Chrysiptera glauca,5696,10,17.5,20,15
Pomacentridae,Chrysiptera hemicyanea,6919,5,19.25,21,18
Pomacentridae,Chrysiptera hemicyanea,6919,5,19.3,21,17
Pomacentridae,Chrysiptera oxycephala,5698,10,21.5,24,19
Pomacentridae,Chrysiptera rex,5699,46,18,25,16
Pomacentridae,Chrysiptera rex,5699,18,19.5,22,16
Pomacentridae,Chrysiptera rex,5699,3,22,25,19
Pomacentridae,Chrysiptera rex,5699,3,19.7,20,19
Pomacentridae,Chrysiptera rex,5699,5,20.2,25,16
Pomacentridae,Chrysiptera rex,5699,10,19.3,23,16
Pomacentridae,Chrysiptera rollandi,5486,18,16,24,9
Pomacentridae,Chrysiptera rollandi,5486,6,23.3,24,23
Pomacentridae,Chrysiptera rollandi,5486,,18,23,12
Pomacentridae,Chrysiptera rollandi,5486,3,23,23,23
Pomacentridae,Chrysiptera rollandi,5486,6,18.5,20,16
Pomacentridae,Chrysiptera talboti,5700,1,22,22,22
Pomacentridae,Chrysiptera traceyi,5701,1,23,23,23
Pomacentridae,Dascyllus albisella,7816,2,25,26,24
Pomacentridae,Dascyllus albisella,7816,7,26.8,29,25
Pomacentridae,Dascyllus aruanus,5110,4,23.8,25,23
Pomacentridae,Dascyllus aruanus,5110,5,24.4,28,20
Pomacentridae,Dascyllus aruanus,5110,5,24.1,26,23
Pomacentridae,Dascyllus aruanus,5110,,18,23,16
Pomacentridae,Dascyllus aruanus,5110,,17.5,21,14
Pomacentridae,Dascyllus aruanus,5110,,18.5,23,15
Pomacentridae,Dascyllus aruanus,5110,5,22.4,26,20
Pomacentridae,Dascyllus aruanus,5110,4,22,23,20
Pomacentridae,Dascyllus aruanus,5110,12,20,24,16
Pomacentridae,Dascyllus flavicaudus,11972,2,27.7,32,24
Pomacentridae,Dascyllus melanurus,5111,3,23.3,24,22
Pomacentridae,Dascyllus melanurus,5111,4,21.2,22,20
Pomacentridae,Dascyllus reticulatus,5113,1,23,23,
Pomacentridae,Dascyllus reticulatus,5113,4,24.5,28,23
Pomacentridae,Dascyllus reticulatus,5113,10,20.6,22,18
Pomacentridae,Dascyllus trimaculatus,5112,2,34,35,33
Pomacentridae,Dascyllus trimaculatus,5112,5,24.2,25,21
Pomacentridae,Dascyllus trimaculatus,5112,4,26,30,23
Pomacentridae,Dischistodus chrysopoecilus,6553,15,19.5,23,16
Pomacentridae,Dischistodus melanotus,5703,2,16,16,16
Pomacentridae,Dischistodus melanotus,5703,3,13.7,15,13
Pomacentridae,Dischistodus perspicillatus,5704,3,16,17,15
Pomacentridae,Dischistodus perspicillatus,5704,11,13.8,15,12
Pomacentridae,Dischistodus prosopotaenia,6608,,17,17,
Pomacentridae,Dischistodus pseudochrysopoecilus,8242,1,23,23,23
Pomacentridae,Dischistodus pseudochrysopoecilus,8242,3,15.7,16,15
Pomacentridae,Dischistodus pseudochrysopoecilus,8242,11,14.3,15,13
Pomacentridae,Hemiglyphidodon plagiometopon,5487,10,18,20,16
Pomacentridae,Hypsypops rubicundus,3648,2,20,22,18
Pomacentridae,Lepidozygus tapeinosoma,5683,3,23,25,20
Pomacentridae,Lepidozygus tapeinosoma,5683,,15.7,15.7,
Pomacentridae,Microspathodon bairdii,12453,31,25.9,34,20
Pomacentridae,Microspathodon chrysurus,1122,3,28.7,31,27
Pomacentridae,Microspathodon chrysurus,1122,,23,23,
Pomacentridae,Microspathodon dorsalis,12455,7,28.9,30,27
Pomacentridae,Microspathodon dorsalis,12455,1,34,34,34
Pomacentridae,Neoglyphidodon melas,5707,6,14.8,16,13
Pomacentridae,Neoglyphidodon melas,5707,10,16.1,18,14
Pomacentridae,Neoglyphidodon nigroris,5708,4,17.75,21,15
Pomacentridae,Neoglyphidodon nigroris,5708,5,17,21,14
Pomacentridae,Neoglyphidodon nigroris,5708,10,21.7,24,19
Pomacentridae,Neopomacentrus azysron,10227,1,24,24,24
Pomacentridae,Neopomacentrus azysron,10227,5,18.2,19,17
Pomacentridae,Neopomacentrus azysron,10227,1,24,24,
Pomacentridae,Neopomacentrus bankieri,12458,60,21,21,
Pomacentridae,Neopomacentrus cyanomos,8209,,17,18,17
Pomacentridae,Neopomacentrus cyanomos,8209,5,18,18,17
Pomacentridae,Neopomacentrus filamentosus,12459,9,20,25,15
Pomacentridae,Neopomacentrus nemurus,12462,22,19.2,24,16
Pomacentridae,Nexilosus latifrons,12466,10,29.2,33,28
Pomacentridae,Plectroglyphidodon dickii,5709,5,26.6,28,25
Pomacentridae,Plectroglyphidodon imparipennis,5710,8,29.7,33,28
Pomacentridae,Plectroglyphidodon johnstonianus,5711,9,31.7,42,25
Pomacentridae,Plectroglyphidodon lacrymatus,5712,6,24.3,27,22
Pomacentridae,Plectroglyphidodon lacrymatus,5712,10,20.4,23,18
Pomacentridae,Plectroglyphidodon sindonis,7815,1,30,30,30
Pomacentridae,Pomacentrus alexanderae,6920,10,17.7,19,17
Pomacentridae,Pomacentrus amboinensis,5715,41,17,32,15
Pomacentridae,Pomacentrus amboinensis,5715,41,23,31,20
Pomacentridae,Pomacentrus amboinensis,5715,221,20,22,18
Pomacentridae,Pomacentrus amboinensis,5715,8,21,26,17
Pomacentridae,Pomacentrus amboinensis,5715,16,23.4,24,23
Pomacentridae,Pomacentrus amboinensis,5716,30,19,19,
Pomacentridae,Pomacentrus amboinensis,5715,,15,15,14
Pomacentridae,Pomacentrus amboinensis,5715,,24,30,17
Pomacentridae,Pomacentrus amboinensis,5715,8,19.6,20,19
Pomacentridae,Pomacentrus amboinensis,5715,18,22.5,26,18
Pomacentridae,Pomacentrus amboinensis,5715,21,19.4,22,17
Pomacentridae,Pomacentrus amboinensis,5715,10,17.8,19,16
Pomacentridae,Pomacentrus australis,10252,4,25,26,23
Pomacentridae,Pomacentrus bankanensis,5717,5,18,20,16
Pomacentridae,Pomacentrus bankanensis,5717,10,18.8,20,17
Pomacentridae,Pomacentrus brachialis,5718,1,18,18,18
Pomacentridae,Pomacentrus burroughi,5719,6,16.8,18,15
Pomacentridae,Pomacentrus chrysurus,5721,2,19.5,20,19
Pomacentridae,Pomacentrus chrysurus,5721,,15.8,15.8,
Pomacentridae,Pomacentrus chrysurus,5721,10,15.8,17,14
Pomacentridae,Pomacentrus coelestis,5720,?,11.6,13,10
Pomacentridae,Pomacentrus coelestis,5720,1,20,20,
Pomacentridae,Pomacentrus coelestis,5720,80,19.5,24,16
Pomacentridae,Pomacentrus coelestis,5720,,19.1,19.1,
Pomacentridae,Pomacentrus coelestis,5720,8,18.9,20,18
Pomacentridae,Pomacentrus emarginatus,5722,10,18.4,20,17
Pomacentridae,Pomacentrus grammorhynchus,5723,1,18,18,18
Pomacentridae,Pomacentrus grammorhynchus,5723,6,14.8,16,14
Pomacentridae,Pomacentrus lepidogenys,6620,,20,20,
Pomacentridae,Pomacentrus lepidogenys,6620,1,20,20,20
Pomacentridae,Pomacentrus moluccensis,5724,46,15,21,14
Pomacentridae,Pomacentrus moluccensis,5724,15,15,17,14
Pomacentridae,Pomacentrus moluccensis,5724,14,23.5,26,22
Pomacentridae,Pomacentrus moluccensis,5724,2,20,20,
Pomacentridae,Pomacentrus moluccensis,5724,73,16.7,20,12
Pomacentridae,Pomacentrus moluccensis,5724,4,24,25,23
Pomacentridae,Pomacentrus moluccensis,5724,10,19.1,21,18
Pomacentridae,Pomacentrus moluccensis,5724,10,19,21,17
Pomacentridae,Pomacentrus moluccensis,5724,12,19.6,23,18
Pomacentridae,Pomacentrus moluccensis,5724,,19.8,19.8,
Pomacentridae,Pomacentrus nagasakiensis,5716,,23,23,
Pomacentridae,Pomacentrus nagasakiensis,5716,,22.9,22.9,?
Pomacentridae,Pomacentrus nagasakiensis,5716,,24.5,24.5,
Pomacentridae,Pomacentrus nagasakiensis,5716,,19,19,
Pomacentridae,Pomacentrus pavo,5726,6,28.4,29,26
Pomacentridae,Pomacentrus pavo,5726,45,28.4,28.4,?
Pomacentridae,Pomacentrus pavo,5726,?,26,26,?
Pomacentridae,Pomacentrus pavo,5726,5,26,27,25
Pomacentridae,Pomacentrus pavo,5726,10,22.4,27,20
Pomacentridae,Pomacentrus philippinus,5727,1,16,16,16
Pomacentridae,Pomacentrus reidi,5728,1,18,18,18
Pomacentridae,Pomacentrus simsiang,5729,10,15.8,18,14
Pomacentridae,Pomacentrus sp.,None,5,23,24,23
Pomacentridae,Pomacentrus sp.,None,15,22.9,24,20
Pomacentridae,Pomacentrus sp.1,None,10,17.4,18,16
Pomacentridae,Pomacentrus sp.2,None,1,14,14,14
Pomacentridae,Pomacentrus taeniometopon,10280,3,15.7,16,15
Pomacentridae,Pomacentrus vaiuli,5730,6,24.2,26,23
Pomacentridae,Pomacentrus vaiuli,5730,10,22.5,26,17
Pomacentridae,Pomacentrus vaiuli,5730,9,16.8,18,16
Pomacentridae,Pomacentrus wardi,10281,8,20,21,19
Pomacentridae,Pomacentrus wardi,10281,14,24,27,20
Pomacentridae,Pomacentrus wardi,10281,12,24.3,25,23
Pomacentridae,Pomacentrus wardi,10281,7,20,20,20
Pomacentridae,Pomacentrus wardi,10281,7,20,20,20
Pomacentridae,Premnas biaculeatus,6632,10,8.4,11,7
Pomacentridae,Premnas biaculeatus,6631,30,10,10,
Pomacentridae,Pristotis obtusirostris,8127,,25.3,29,22
Pomacentridae,Stegastes acapulcoensis,12509,233,22.7,29,17
Pomacentridae,Stegastes acapulcoensis,12509,19,21.3,23,19
Pomacentridae,Stegastes adustus,12416,,29,29,
Pomacentridae,Stegastes adustus,12416,,21.2,21.2,
Pomacentridae,Stegastes adustus,12416,,21.2,21.2,
Pomacentridae,Stegastes apicalis,4344,3,29.7,31,26
Pomacentridae,Stegastes arcifrons,12510,103,29.8,35,20
Pomacentridae,Stegastes arcifrons,12510,14,25.3,33,20
Pomacentridae,Stegastes baldwini,12511,52,26,29,23
Pomacentridae,Stegastes beebei,14285,,33.4,33.4,
Pomacentridae,Stegastes beebei,14285,,31.2,31.2,
Pomacentridae,Stegastes diencaeus,3649,5,27,28,26
Pomacentridae,Stegastes diencaeus,3649,,25.8,25.8,
Pomacentridae,Stegastes diencaeus,3649,,21.3,21.3,
Pomacentridae,Stegastes diencaeus,3649,,28.8,28.8,
Pomacentridae,Stegastes emeryi,4346,9,22.6,29,18
Pomacentridae,Stegastes fasciolatus,4347,3,39.7,43,38
Pomacentridae,Stegastes fasciolatus,4347,7,17.7,20,16
Pomacentridae,Stegastes fasciolatus,4347,7,37.4,40,31
Pomacentridae,Stegastes fasciolatus,4347,2,25,26,24
Pomacentridae,Stegastes flavilatus,12512,250,25.8,39,20
Pomacentridae,Stegastes flavilatus,12512,10,31.2,39,25
Pomacentridae,Stegastes leucorus,12514,40,33.4,36,27
Pomacentridae,Stegastes leucorus,12514,30,34,47,31
Pomacentridae,Stegastes leucorus,12514,10,31.2,36,27
Pomacentridae,Stegastes leucostictus,3651,4,28.5,30,27
Pomacentridae,Stegastes leucostictus,3651,6,21,28,18
Pomacentridae,Stegastes leucostictus,3651,,25.2,25.2,
Pomacentridae,Stegastes leucostictus,3651,10,20.1,21,19
Pomacentridae,Stegastes leucostictus,3651,,31.67,31.67,
Pomacentridae,Stegastes lividus,4351,1,25,25,
Pomacentridae,Stegastes nigricans,4352,5,45,48,43
Pomacentridae,Stegastes nigricans,4352,39,28,32,16
Pomacentridae,Stegastes nigricans,4352,6,24,24,
Pomacentridae,Stegastes nigricans,4352,35,37.1,43,32
Pomacentridae,Stegastes nigricans,4352,7,32,34,27
Pomacentridae,Stegastes nigricans,4352,1,24,24,24
Pomacentridae,Stegastes partitus,3652,5,29,31,28
Pomacentridae,Stegastes partitus,3652,10,32.6,40,26
Pomacentridae,Stegastes partitus,3652,10,29,31,27
Pomacentridae,Stegastes partitus,3652,10,28.8,29.62219219,
Pomacentridae,Stegastes partitus,3652,,37.67,37.67,
Pomacentridae,Stegastes planifrons,3653,,26.8,26.8,
Pomacentridae,Stegastes planifrons,3653,12,21.4,25,17
Pomacentridae,Stegastes punctatus,X,1,25,25,25
Pomacentridae,Stegastes rectifraenum,12516,51,21.5,25,17
Pomacentridae,Stegastes redemptus,12517,15,32.3,35,29
Pomacentridae,Stegastes redemptus,12517,5,23,25,20
Pomacentridae,Stegastes sp.1,None,1,21,21,
Pomacentridae,Stegastes sp.2,None,2,22.5,23,22
Pomacentridae,Stegastes variabilis,3654,5,26.6,30,25
Pomacentridae,Stegastes variabilis,3654,10,24.9,35,18
Pomacentridae,Stegastes variabilis,3654,10,23.2,23.95894664,
Pomacentridae,Stegastes variabilis,3654,15,23.3,25,22
Pomacentridae,Teixeirichthys jordani,10742,8,25.3,29,22
Priacanthidae,Heteropriacanthus cruentatus,1150,4,32.8,37,30
Pseudochromidae,Pseudochromis quinquedentatus,10541,,61,61,
Psychrolutidae,Gilbertidia sigalutes,4090,,40,120,
Gobiidae,Ptereleotris calliura,3881,2,22.5,25,20
Salmonidae,Coregonus albula,231,,28,28,
Salmonidae,Coregonus artedi,235,,26,26,
Salmonidae,Coregonus clupeaformis,234,,40,40,
Salmonidae,Coregonus lavaretus,232,,19,19,
Labridae,Bolbometopon muricatum,5537,1,31,31,
Labridae,Scarus coeruleus,1153,1,24,24,24
Labridae,Scarus ghobban,5548,3,29.7,33,27
Labridae,Scarus iseri,1154,10,28.4,33,22
Labridae,Scarus rivulatus,4969,,37,47,28
Labridae,Scarus schlegeli,4975,3,30.4,35,28
Labridae,Scarus taeniopterus,1156,,28.2,28.2,
Labridae,Sparisoma atomarium,3675,1,18,18,18
Labridae,Sparisoma aurofrenatum,1158,9,48.66666667,57,38
Labridae,Sparisoma viride,1161,6,48.33333333,58,40
Sciaenidae,Atractoscion nobilis,3578,,72,72,
Sciaenidae,Atractoscion nobilis,3578,,32,32,
Sciaenidae,Cynoscion nebulosus,405,,19.4,37,10
Sciaenidae,Genyonemus lineatus,422,,,,
Sciaenidae,Leiostomus xanthurus,429,,82.4,82.4,
Sciaenidae,Sciaena umbra,1707,3,22.5,23,22
Sciaenidae,Sciaenops ocellatus,1191,,22,22,
Sciaenidae,Seriphus politus,3589,,,,
Scombridae,Auxis rochei rochei,93,,16,16,
Scombridae,Auxis thazard thazard,94,,10,10,
Scombridae,Euthynnus alletteratus,97,,24,24,
Scombridae,Katsuwonus pelamis,107,,20,20,
Scombridae,Scomber japonicus,117,,17,17,
Scombridae,Scomber japonicus,117,,17.3,23,13
Scombridae,Scomber scombrus,118,,40,40,
Scombridae,Scomber scombrus,118,,39.5,39.5,
Scombridae,Scomberomorus cavalla,120,,12,12,
Scombridae,Scomberomorus maculatus,126,,9,9,
Scombridae,Thunnus albacares,143,,25,25,
Scombridae,Thunnus maccoyii,145,,24,24,
Scombridae,Thunnus thynnus,147,,28,28,
Scophthalmidae,Psetta maxima,1348,,39,39,
Scophthalmidae,Psetta maxima,1348,,39.3,39.3,
Scophthalmidae,Psetta maxima,1348,,39,62,25
Scophthalmidae,Psetta maxima,1348,,,,
Scophthalmidae,Scophthalmus aquosus,530,,,,
Scorpaenidae,Pterois radiata,4913,1,40,41,37
Scorpaenidae,Pterois volitans,5195,28,26.2,35,20
Scorpaenidae,Pterois volitans,5195,,30,40,25
Scorpaenidae,Scorpaena inermis,3944,1,22,22,22
Scorpaenidae,Scorpaena plumieri,1201,3,21,25,17
Scorpaenidae,Scorpaena porcus,1758,1,29,29,29
Scorpaenidae,Scorpaena porcus,1758,,29,29,
Scorpaenidae,Scorpaena scrofa,1759,1,25,25,25
Scorpaenidae,Scorpaenidae sp.,None,4,45.5,48,44
Scorpaenidae,Scorpaenodes caribbaeus,3946,2,33,39,27
Scorpaenidae,Scorpaenodes guamensis,5819,,32.4,38,32
Scorpaenidae,Scorpaenopsis diabolus,4921,4,29.8,33,24
Sebastidae,Sebastes atrovirens,3950,,,,
Sebastidae,Sebastes aurora,3952,,105,105,
Sebastidae,Sebastes carnatus,3956,,75,75,
Sebastidae,Sebastes flavidus,503,,85,85,
Sebastidae,Sebastes inermis,4586,,76,76,
Sebastidae,Sebastes inermis,4586,,92,92,
Sebastidae,Sebastes melanops,3979,,145,174,83
Sebastidae,Sebastes melanostomus,3981,,105,105,
Sebastidae,Sebastes mystinus,3983,,105,105,
Sebastidae,Sebastes paucispinis,3987,,160,160,
Sebastidae,Sebastes serranoides,4002,,135,135,
Serranidae,Cephalopholis argus,6396,4,27.5,29,25
Serranidae,Cephalopholis boenak,6444,1,31,31,31
Serranidae,Cephalopholis urodeta,6456,,24.3,27,22
Serranidae,Cromileptes altivelis,6457,1,24,24,
Serranidae,Diplectrum formosum,1203,10,17.2,20,14
Serranidae,Epinephelus adscensionis,14,,40,40,
Serranidae,Epinephelus akaara,5158,,30,,
Serranidae,Epinephelus areolatus,5367,1,18,18,18
Serranidae,Epinephelus corallicola,6466,,41,41,
Serranidae,Epinephelus hexagonatus,6660,1,24.7,26,24
Serranidae,Epinephelus itajara,16,45,55,80,30
Serranidae,Epinephelus marginatus,6470,21,24.6,30,22
Serranidae,Epinephelus merra,4923,30,29.6,29.6,?
Serranidae,Epinephelus striatus,18,,42,45,37
Serranidae,Grammistes sexlineatus,4925,1,42,42,42
Serranidae,Hypoplectrus puella,12759,10,19.1,24,15
Serranidae,Mycteroperca bonaci,1209,,41,45,31
Serranidae,Mycteroperca microlepis,1212,,43,66,33
Serranidae,Paralabrax clathratus,3335,,28,28,
Serranidae,Paralabrax clathratus,3335,,26.59,26.59,
Serranidae,Paralabrax clathratus,3335,94,28,28.61885275,
Serranidae,Paralabrax clathratus,3335,,30,30,
Serranidae,Paralabrax maculatofasciatus,3336,,28,28,
Serranidae,Paralabrax maculatofasciatus,3336,,22,22,
Serranidae,Paralabrax maculatofasciatus,3336,,,,
Serranidae,Paralabrax nebulifer,3337,,,,
Serranidae,Plectropomus leopardus,4826,,25.2,25.2,
Serranidae,Plectropomus maculatus,4886,unknown,27,29,24
Serranidae,Pseudanthias pascalus,6934,1,26,26,
Serranidae,Pseudogramma polyacanthum,7320,10,32.3,42,26
Serranidae,Pseudogramma xanthum,49428,9,30.5,48,22
Serranidae,Rypticus saponaceus,1056,,40,40,
Serranidae,Rypticus sp1,None,4,27.25,29,25
Serranidae,Rypticus sp2,None,1,20,20,20
Serranidae,Serranus baldwini,3344,10,23.6,31,21
Serranidae,Serranus cabrilla,1353,54,24.3,28,21
Serranidae,Serranus cabrilla,1353,,26,26,
Serranidae,Serranus hepatus,14419,22,18,22,16
Serranidae,Serranus scriba,1761,12,28.2,32,26
Serranidae,Serranus tigrinus,3350,5,18.2,20,15
Siganidae,Siganus canaliculatus,4456,,27.5,30,23
Siganidae,Siganus doliatus,4623,41,26.4,30,23
Siganidae,Siganus doliatus,4623,10,21.4,28,19
Siganidae,Siganus fuscescens,4616,82,19.2,23,17
Siganidae,Siganus lineatus,4625,,33,35,29
Siganidae,Siganus rivulatus,4545,,39,39,
Siganidae,Siganus spinus,4457,unknown,22,,17
Siganidae,Siganus vermiculatus,4561,,23,24,22
Siganidae,Siganus vulpinus,4629,2,23.5,24,23
Sillaginidae,Sillaginodes punctatus,8489,,127.4,127.4,
Soleidae,Heteromycteris japonicus,8971,,,,
Soleidae,Microchirus variegatus,32,,33,33,
Soleidae,Solea solea,525,,27,27,
Soleidae,Solea solea,525,,35,35,
Soleidae,Solea solea,525,,35.1,51,24
Sparidae,Acanthopagrus latus,6356,,33.7,33.7,
Sparidae,Acanthopagrus schlegelii schlegelii,6531,,23.8,23.8,
Sparidae,Archosargus rhomboidalis,1219,,21,29,15
Sparidae,Boops boops,203,23,16.9,20,16
Sparidae,Boops boops,203,,16.7,16.7,
Sparidae,Diplodus annularis,1752,74,18.3,21,16
Sparidae,Diplodus annularis,1752,,18,18,
Sparidae,Diplodus capensis,6004,80,27.6,37,19
Sparidae,Diplodus cervinus cervinus,2497,3,18.3,20,17
Sparidae,Diplodus cervinus cervinus,2497,,17,17,
Sparidae,Diplodus puntazzo,1749,80,32.7,48,19
Sparidae,Diplodus vulgaris,1754,80,40.8,58,29
Sparidae,Oblada melanura,850,55,16.2,18,14
Sparidae,Oblada melanura,850,,15.8,15.8,
Sparidae,Pagellus erythrinus,893,10,43.9,49,40
Sparidae,Pagrus major,445,,47,47,
Sparidae,Pagrus major,445,,,,
Sparidae,Pagrus major,445,,46.6,109,20
Sparidae,Pagrus pagrus,1756,1,38,38,38
Sparidae,Pagrus pagrus,1756,,38,38,
Sparidae,Sarpa salpa,204,74,31.7,38,27
Sparidae,Sarpa salpa,204,,31.2,31.2,
Sparidae,Sparus aurata,1164,,50,50,
Sparidae,Sparus aurata,1164,,49.5,59,42
Sparidae,Sparus aurata,1164,,49.5,49.5,
Sparidae,Spondyliosoma cantharus,1356,12,33.7,38,29
Sparidae,Spondyliosoma cantharus,1356,,38,38,
Syngnathidae,Corythoichthys sp.,#N/A,4,31.5,34,28
Syngnathidae,Nerophis ophidion,1331,2,21.5,22,21
Syngnathidae,Syngnathidae,None,2,29,32,26
Syngnathidae,Syngnathus typhle,1360,2,15,15,15
Synodontidae,Synodus saurus,1771,1,19,19,19
Synodontidae,Synodus variegatus,5398,1,42,46,38
Tetraodontidae,Arothron hispidus,5425,5,40.8,43,37
Tetraodontidae,Canthigaster sp.,#N/A,2,47,54,40
Tetraodontidae,Canthigaster valentini,6544,2,18,19,17
Tetraodontidae,Tetraodontidae,None,5,59.3,74,46
Trachinidae,Trachinus draco,1363,10,12.9,14,12
Triglidae,Chelidonichthys lucerna,1366,12,19.1,21,18
Blennioidei,Axoclinus nigricaudus,46550,,18,18,
Blennioidei,Tripterygion delaisi,7640,25,17.3,21,16
Blennioidei,Tripterygion delaisi,7640,39,18.4,27,16
Blennioidei,Tripterygion delaisi,7640,,17.7,17.7,
Blennioidei,Tripterygion melanurus,54567,53,17.6,25,15
Blennioidei,Tripterygion melanurus,54567,,17,17,
Blennioidei,Tripterygion tripteronotus,1778,,17.3,17.3,
Blennioidei,Enneapterygius atriceps,51538,,30,30,
Zanclidae,Zanclus cornutus,5950,5,58.8,69,49
Zanclidae,Zanclus cornutus,5950,1,57,57,