video_id,site_id,region,island,coral_cover,duration,genus.spp,genus,species,max_n,observer
BIOT_7097_NELS_052_RIG3,52,nelsons_island,east_of_nelsons_island,55,30:00:00,variola.albimarginata,variola,albimarginata,2,li
BIOT_7097_SALO_043_ANG_RIG4,43,salomon,ile_anglaise,15,35:43:00,carcharhinus.amblyrhynchos,carcharhinus,amblyrhynchos,1,marconi
BIOT_7097_PBAN_027_EAST_RIG9,27,peros_banhos,north_of_petite_ile_coquillage,30,30:00:00,carcharhinus.amblyrhynchos,carcharhinus,amblyrhynchos,1,marconi
BIOT_7097_NELS_055_RIG6,55,nelsons_island,east_of_nelsons_island,12,30:00:00,carcharhinus.amblyrhynchos,carcharhinus,amblyrhynchos,5,marconi
BIOT_7097_NBRO_065_RIG6,65,brothers,north_brother,85,30:00:00,carcharhinus.amblyrhynchos,carcharhinus,amblyrhynchos,0,finch
BIOT_7097_EGMT_086_RIG6,86,egmont,ile_des_rats,90,30:00:00,carcharhinus.amblyrhynchos,carcharhinus,amblyrhynchos,4,finch
BIOT_7097_EAGL_074_RIG5,74,eagle_island,eagle_island,0,30:00:00,carcharhinus.amblyrhynchos,carcharhinus,amblyrhynchos,0,finch
BIOT_7097_EAGL_073_RIG4,73,eagle_island,eagle_island,20,30:00:00,carcharhinus.amblyrhynchos,carcharhinus,amblyrhynchos,1,fischer
BIOT_7097_EGMT_087_RIG5,87,egmont,ile_lubine,85,30:00:00,carcharhinus.amblyrhynchos,carcharhinus,amblyrhynchos,5,fischer
BIOT_7097_PBAN_008_SOUTH_RIG4,8,peros_banhos,ile_fouquet,90,30:00:00,carcharhinus.amblyrhynchos,carcharhinus,amblyrhynchos,2,fischer
BIOT_7097_SALO_047_MAP_RIG5,47,salomon,ile_de_la_passe_to_ile_mapou,20,35:22:00,carcharhinus.amblyrhynchos,carcharhinus,amblyrhynchos,3,bunholi
BIOT_7097_NBRO_068_RIG4,68,brothers,north_brother,30,35:22:00,carcharhinus.amblyrhynchos,carcharhinus,amblyrhynchos,1,bunholi
BIOT_7097_EGMT_081_RIG2,81,egmont,ile_des_rats,15,35:22:00,carcharhinus.amblyrhynchos,carcharhinus,amblyrhynchos,7,bunholi
BIOT_7097_SALO_044_ANG_RIG5,44,salomon,ile_anglaise,85,30:00:00,carcharhinus.amblyrhynchos,carcharhinus,amblyrhynchos,1,portice
BIOT_7097_NBRO_062_RIG3,62,brothers,north_brother,8,30:00:00,carcharhinus.amblyrhynchos,carcharhinus,amblyrhynchos,1,portice
BIOT_7097_NELS_051_RIG2,51,nelsons_island,east_of_nelsons_island,30,30:00:00,carcharhinus.amblyrhynchos,carcharhinus,amblyrhynchos,5,hensch
BIOT_7097_NBRO_063_RIG4,63,brothers,north_brother,20,30:00:00,carcharhinus.amblyrhynchos,carcharhinus,amblyrhynchos,3,armada
BIOT_7097_EGMT_088_RIG4,88,egmont,ile_lubine,50,30:00:00,carcharhinus.amblyrhynchos,carcharhinus,amblyrhynchos,2,armada
BIOT_7097_PBAN_024_EAST_RIG5,24,peros_banhos,north_of_petite_ile_coquillage,5,30:00:00,carcharhinus.amblyrhynchos,carcharhinus,amblyrhynchos,1,armada
BIOT_7097_SALO_046_MAP_RIG6,46,salomon,ile_de_la_passe_to_ile_mapou,40,30:00:00,carcharhinus.amblyrhynchos,carcharhinus,amblyrhynchos,3,grisson
BIOT_7097_NBRO_069_RIG3,69,brothers,north_brother,5,30:00:00,carcharhinus.amblyrhynchos,carcharhinus,amblyrhynchos,2,grisson
BIOT_7097_EGMT_082_RIG3,82,egmont,ile_des_rats,30,30:00:00,carcharhinus.amblyrhynchos,carcharhinus,amblyrhynchos,2,grisson
BIOT_7097_SALO_045_ANG_RIG6,45,salomon,ile_anglaise,40,30:00:00,carcharhinus.amblyrhynchos,carcharhinus,amblyrhynchos,2,vuong
BIOT_7097_NELS_054_RIG5,54,nelsons_island,east_of_nelsons_island,30,30:00:00,carcharhinus.amblyrhynchos,carcharhinus,amblyrhynchos,2,barone
"
BIOT_7097_EGMT_003_RIG4",3,egmont,ile_sudest,40,30:00:00,carcharhinus.amblyrhynchos,carcharhinus,amblyrhynchos,12,barone
BIOT_7097_EAGL_075_RIG6,75,eagle_island,eagle_island,10,30:00:00,carcharhinus.amblyrhynchos,carcharhinus,amblyrhynchos,1,barone
BIOT_7097_SALO_038_BOD_RIG4,38,salomon,ile_boddam,70,30:00:00,carcharhinus.amblyrhynchos,carcharhinus,amblyrhynchos,3,kelly
BIOT_7097_NELS_053_RIG4,53,nelsons_island,east_of_nelsons_island,10,30:00:00,carcharhinus.amblyrhynchos,carcharhinus,amblyrhynchos,2,kelly
BIOT_7097_NBRO_064_RIG5,64,brothers,north_brother,30,30:00:00,carcharhinus.amblyrhynchos,carcharhinus,amblyrhynchos,1,kelly
BIOT_7097_PBAN_006_SOUTH_RIG2,6,peros_banhos,ile_fouquet,80,30:00:00,carcharhinus.amblyrhynchos,carcharhinus,amblyrhynchos,4,beckman
BIOT_7097_EGMT_091_RIG2,91,egmont,ile_carre_pate,60,30:00:00,carcharhinus.amblyrhynchos,carcharhinus,amblyrhynchos,4,beckman
BIOT_7097_EAGL_078_RIG4,78,eagle_island,eagle_island,75,30:00:00,carcharhinus.amblyrhynchos,carcharhinus,amblyrhynchos,1,beckman
BIOT_7097_NELS_052_RIG3,52,nelsons_island,east_of_nelsons_island,55,30:00:00,carcharhinus.amblyrhynchos,carcharhinus,amblyrhynchos,1,li
BIOT_7097_EGMT_093_RIG4,93,egmont,ile_carre_pate,60,32:00:00,carcharhinus.amblyrhynchos,carcharhinus,amblyrhynchos,5,li
BIOT_7097_NELS_056_RIG6,56,nelsons_island,nelsons_island,10,35:26:00,carcharhinus.amblyrhynchos,carcharhinus,amblyrhynchos,4,podolinsky
BIOT_7097_SALO_039_BOD_RIG3,39,salomon,ile_boddam,80,35:26:00,carcharhinus.amblyrhynchos,carcharhinus,amblyrhynchos,4,podolinsky
BIOT_7097_PBAN_009_SOUTH_RIG5,9,peros_banhos,ile_fouquet,65,30:00:00,carcharhinus.amblyrhynchos,carcharhinus,amblyrhynchos,2,armstrong
BIOT_7097_SALO_041_ANG_RIG2,41,salomon,ile_anglaise,40,30:00:00,carcharhinus.amblyrhynchos,carcharhinus,amblyrhynchos,7,armstrong
BIOT_7097_EGMT_092_RIG3,92,egmont,ile_carre_pate,30,30:00:00,carcharhinus.amblyrhynchos,carcharhinus,amblyrhynchos,2,armstrong
BIOT_7097_SALO_043_ANG_RIG4,43,salomon,ile_anglaise,15,35:43:00,plectropomus.areolatus,plectropomus,areolatus,1,marconi
BIOT_7097_SALO_045_ANG_RIG6,45,salomon,ile_anglaise,40,30:00:00,plectropomus.areolatus,plectropomus,areolatus,1,vuong
BIOT_7097_SALO_043_ANG_RIG4,43,salomon,ile_anglaise,15,35:43:00,cephalopholis.argus,cephalopholis,argus,2,marconi
BIOT_7097_PBAN_027_EAST_RIG7,27,peros_banhos,north_of_petite_ile_coquillage,30,30:00:00,cephalopholis.argus,cephalopholis,argus,2,marconi
BIOT_7097_NELS_055_RIG6,55,nelsons_island,east_of_nelsons_island,12,30:00:00,cephalopholis.argus,cephalopholis,argus,3,marconi
BIOT_7097_EGMT_086_RIG6,86,egmont,ile_des_rats,90,30:00:00,cephalopholis.argus,cephalopholis,argus,0,finch
BIOT_7097_EAGL_074_RIG5,74,eagle_island,eagle_island,0,30:00:00,cephalopholis.argus,cephalopholis,argus,1,finch
BIOT_7097_EAGL_073_RIG4,73,eagle_island,eagle_island,20,30:00:00,cephalopholis.argus,cephalopholis,argus,1,fischer
BIOT_7097_PBAN_008_SOUTH_RIG4,8,peros_banhos,ile_fouquet,90,30:00:00,cephalopholis.argus,cephalopholis,argus,2,fischer
BIOT_7097_NBRO_068_RIG4,68,brothers,north_brother,30,35:22:00,cephalopholis.argus,cephalopholis,argus,2,bunholi
BIOT_7097_SALO_044_ANG_RIG5,44,salomon,ile_anglaise,85,30:00:00,cephalopholis.argus,cephalopholis,argus,2,portice
BIOT_7097_PBAN_034_EAST_RIG5,34,peros_banhos,south_of_ile_yeye,10,30:00:00,cephalopholis.argus,cephalopholis,argus,1,portice
BIOT_7097_EGMT_088_RIG4,88,egmont,ile_lubine,50,30:00:00,cephalopholis.argus,cephalopholis,argus,1,armada
BIOT_7097_PBAN_024_EAST_RIG5,24,peros_banhos,north_of_petite_ile_coquillage,5,30:00:00,cephalopholis.argus,cephalopholis,argus,1,armada
BIOT_7097_SALO_049_MAP_RIG3,49,salomon,ile_de_la_passe_to_ile_mapou,35,30:00:00,cephalopholis.argus,cephalopholis,argus,9,zion
BIOT_7097_EAGL_071_RIG2,71,eagle_island,eagle_island,10,30:00:00,cephalopholis.argus,cephalopholis,argus,8,zion
BIOT_7097_EAGL_071_RIG2,71,eagle_island,eagle_island,10,30:00:00,cephalopholis.argus,cephalopholis,argus,1,zion
BIOT_7097_EAGL_071_RIG2,71,eagle_island,eagle_island,10,30:00:00,cephalopholis.argus,cephalopholis,argus,15,zion
BIOT_7097_EGMT_084_RIG5,84,egmont,ile_sudest,15,30:00:00,cephalopholis.argus,cephalopholis,argus,12,zion
BIOT_7097_EGMT_084_RIG5,84,egmont,ile_sudest,15,30:00:00,cephalopholis.argus,cephalopholis,argus,2,zion
BIOT_7097_SALO_050_MAP_RIG2,50,salomon,ile_de_la_passe_to_ile_mapou,26,30:00:00,cephalopholis.argus,cephalopholis,argus,5,nguyen
BIOT_7097_EGMT_095_RIG6,95,egmont,ile_des_rats,15,30:00:00,cephalopholis.argus,cephalopholis,argus,3,nguyen
BIOT_7097_SALO_045_ANG_RIG6,45,salomon,ile_anglaise,40,30:00:00,carcharhinus.argus,carcharhinus,argus,1,vuong
BIOT_7097_SALO_042_ANG_RIG3,42,salomon,ile_anglaise,20,30:00:00,cephalopholis.argus,cephalopholis,argus,2,kelly
BIOT_7097_SALO_038_BOD_RIG4,38,salomon,ile_boddam,70,30:00:00,cephalopholis.argus,cephalopholis,argus,3,kelly
BIOT_7097_EGMT_091_RIG2,91,egmont,ile_carre_pate,60,30:00:00,cephalopholis.argus,cephalopholis,argus,4,beckman
BIOT_7097_EAGL_078_RIG4,78,eagle_island,eagle_island,75,30:00:00,cephalopholis.argus,cephalopholis,argus,1,beckman
BIOT_7097_EGMT_094_RIG5,94,egmont,ile_sudest,15,35:26:00,cephalopholis.argus,cephalopholis,argus,3,podolinsky
BIOT_7097_EGMT_094_RIG5,94,egmont,ile_sudest,15,35:26:00,cephalopholis.argus,cephalopholis,argus,2,podolinsky
BIOT_7097_NELS_056_RIG6,56,nelsons_island,nelsons_island,10,35:26:00,cephalopholis.argus,cephalopholis,argus,1,podolinsky
BIOT_7097_PBAN_030_EAST_RIG2,30,peros_banhos,north_of_petite_ile_coquillage,20,35:26:00,cephalopholis.argus,cephalopholis,argus,2,podolinsky
BIOT_7097_SALO_039_BOD_RIG3,39,salomon,ile_boddam,80,35:26:00,cephalopholis.argus,cephalopholis,argus,3,podolinsky
BIOT_7097_PBAN_009_SOUTH_RIG5,9,peros_banhos,ile_fouquet,65,30:00:00,cephalopholis.argus,cephalopholis,argus,1,armstrong
BIOT_7097_SALO_043_ANG_RIG4,43,salomon,ile_anglaise,15,35:43:00,lutjanus.bohar,lutjanus,bohar,20,marconi
BIOT_7097_PBAN_027_EAST_RIG8,27,peros_banhos,north_of_petite_ile_coquillage,30,30:00:00,lutjanus.bohar,lutjanus,bohar,6,marconi
BIOT_7097_NELS_055_RIG6,55,nelsons_island,east_of_nelsons_island,12,30:00:00,lutjanus.bohar,lutjanus,bohar,1,marconi
BIOT_7097_NBRO_067_RIG5,67,brothers,north_brother,20,30:00:00,lutjanus.bohar,lutjanus,bohar,2,marconi
BIOT_7097_NBRO_065_RIG6,65,brothers,north_brother,85,30:00:00,lutjanus.bohar,lutjanus,bohar,0,finch
BIOT_7097_EGMT_086_RIG6,86,egmont,ile_des_rats,90,30:00:00,lutjanus.bohar,lutjanus,bohar,2,finch
BIOT_7097_EAGL_074_RIG5,74,eagle_island,eagle_island,0,30:00:00,lutjanus.bohar,lutjanus,bohar,0,finch
BIOT_7097_EAGL_073_RIG4,73,eagle_island,eagle_island,20,30:00:00,lutjanus.bohar,lutjanus ,bohar,1,fischer
BIOT_7097_EGMT_087_RIG5,87,egmont,ile_lubine,85,30:00:00,lutjanus.bohar,lutjanus,bohar,2,fischer
BIOT_7097_SALO_047_MAP_RIG5,47,salomon,ile_de_la_passe_to_ile_mapou,20,35:22:00,lutjanus.bohar,lutjanus,bohar,2,bunholi
BIOT_7097_NBRO_068_RIG4,68,brothers,north_brother,30,35:22:00,lutjanus.bohar,lutjanus,bohar,2,bunholi
BIOT_7097_EGMT_081_RIG2,81,egmont,ile_des_rats,15,35:22:00,lutjanus.bohar,lutjanus,bohar,5,bunholi
BIOT_7097_EAGL_080_RIG2,80,eagle_island,eagle_island,20,30:00:00,lutjanus.bohar,lutjanus,bohar,20,hensch
BIOT_7097_PBAN_029_EAST_RIG3,29,peros_banhos,north_of_petite_ile_coquillage,10,30:00:00,lutjanus.bohar,lutjanus,bohar,12,hensch
BIOT_7097_NBRO_063_RIG4,63,brothers,north_brother,20,30:00:00,lutjanus.bohar,lutjanus,bohar,1,armada
BIOT_7097_EGMT_088_RIG4,88,egmont,ile_lubine,50,30:00:00,lutjanus.bohar,lutjanus,bohar,4,armada
BIOT_7097_PBAN_018_SOUTH_RIG4,18,peros_banhos,ile_du_coin,40,30:00:00,lutjanus.bohar,lutjanus,bohar,1,armada
BIOT_7097_EAGL_071_RIG2,71,eagle_island,eagle_island,10,30:00:00,lutjanus.bohar,lutjanus,bohar,1,zion
BIOT_7097_EGMT_084_RIG5,84,egmont,ile_sudest,15,30:00:00,lutjanus.bohar,lutjanus,bohar,9,zion
BIOT_7097_EGMT_084_RIG5,84,egmont,ile_sudest,15,30:00:00,lutjanus.bohar,lutjanus,bohar,11,zion
BIOT_7097_SALO_050_MAP_RIG2,50,salomon,ile_de_la_passe_to_ile_mapou,26,30:00:00,lutjanus.bohar,lutjanus,bohar,17,nguyen
BIOT_7097_NELS_058_RIG4,58,nelsons_island,east_of_nelsons_island,31,30:00:00,lutjanus.bohar,lutjanus,bohar,1,nguyen
BIOT_7097_EGMT_095_RIG6,95,egmont,ile_des_rats,15,30:00:00,lutjanus.bohar,lutjanus,bohar,5,nguyen
BIOT_7097_PBAN_033_EAST_RIG4,33,peros_banhos,south_of_ile_yeye,5,30:00:00,lutjanus.bohar,lutjanus,bohar,23,monroe
BIOT_7097_NBRO_066_RIG6,66,brothers,north_brother,25,30:00:00,lutjanus.bohar,lutjanus,bohar,1,monroe
BIOT_7097_EGMT_004_RIG6,4,egmont,ile_sudest,35,30:00:00,lutjanus.bohar,lutjanus,bohar,5,monroe
BIOT_7097_NBRO_061_RIG2,61,brothers,north_brother,20,30:00:00,lutjanus.bohar,lutjanus,bohar,1,vuong
BIOT_7097_SALO_040_BOD_RIG2,40,salomon,ile_boddam,70,25:00:00,lutjanus.bohar,lutjanus,bohar,3,barone
BIOT_7097_SALO_042_ANG_RIG3,42,salomon,ile_anglaise,20,30:00:00,lutjanus.bohar,lutjanus,bohar,1,kelly
BIOT_7097_SALO_038_BOD_RIG4,38,salomon,ile_boddam,70,30:00:00,lutjanus.bohar,lutjanus,bohar,5,kelly
BIOT_7097_NELS_053_RIG4,53,nelsons_island,east_of_nelsons_island,10,30:00:00,lutjanus.bohar,lutjanus,bohar,2,kelly
BIOT_7097_EGMT_091_RIG2,91,egmont,ile_carre_pate,60,30:00:00,lutjanus.bohar,lutjanus,bohar,3,beckman
BIOT_7097_EAGL_078_RIG4,78,eagle_island,eagle_island,75,30:00:00,lutjanus.bohar,lutjanus,bohar,1,beckman
BIOT_7097_PBAN_035_EAST_RIG6,35,peros_banhos,south_of_ile_yeye,15,31:00:00,lutjanus.bohar,lutjanus,bohar,1,li
BIOT_7097_EGMT_093_RIG4,93,egmont,ile_carre_pate,60,32:00:00,lutjanus.bohar,lutjanus,bohar,4,li
BIOT_7097_SALO_039_BOD_RIG3,39,salomon,ile_boddam,80,35:26:00,lutjanus.bohar,lutjanus,bohar,5,podolinsky
BIOT_7097_PBAN_009_SOUTH_RIG5,9,peros_banhos,ile_fouquet,65,30:00:00,lutjanus.bohar,lutjanus,bohar,62,armstrong
BIOT_7097_EGMT_092_RIG3,92,egmont,ile_carre_pate,30,30:00:00,lutjanus.bohar,lutjanus,bohar,3,armstrong
BIOT_7097_NBRO_068_RIG4,68,brothers,north_brother,30,35:22:00,sufflamen.bursa,sufflamen,bursa,1,bunholi
BIOT_7097_NELS_052_RIG3,52,nelsons_island,east_of_nelsons_island,55,30:00:00,sufflamen.bursa,sufflamen,bursa,1,li
BIOT_7097_NBRO_063_RIG4,63,brothers,north_brother,20,30:00:00,parupeneus.cyclostomus,parupeneus,cyclostomus,1,armada
BIOT_7097_NBRO_067_RIG5,67,brothers,north_brother,20,30:00:00,lethrinus.enigmaticus,lethrinus,enigmaticus,9,marconi
BIOT_7097_SALO_047_MAP_RIG5,47,salomon,ile_de_la_passe_to_ile_mapou,20,35:22:00,lethrinus.enigmaticus,lethrinus,enigmaticus,1,bunholi
BIOT_7097_NELS_057_RIG5,57,nelsons_island,nelsons_island,40,35:22:00,lethrinus.enigmaticus,lethrinus,enigmaticus,2,bunholi
BIOT_7097_NELS_051_RIG2,51,nelsons_island,east_of_nelsons_island,30,30:00:00,lethrinus.enigmaticus,lethrinus,enigmaticus,2,hensch
BIOT_7097_EAGL_071_RIG2,71,eagle_island,eagle_island,10,30:00:00,lethrinus.enigmaticus,lethrinus,enigmaticus,5,zion
BIOT_7097_EGMT_084_RIG5,84,egmont,ile_sudest,15,30:00:00,lethrinus.enigmaticus,lethrinus,enigmaticus,3,zion
BIOT_7097_EGMT_084_RIG5,84,egmont,ile_sudest,15,30:00:00,lethrinus.enigmaticus,lethrinus,enigmaticus,1,zion
BIOT_7097_NBRO_066_RIG6,66,brothers,north_brother,25,30:00:00,lethrinus.enigmaticus,lethrinus,enigmaticus,10,monroe
BIOT_7097_EGMT_004_RIG6,4,egmont,ile_sudest,35,30:00:00,lethrinus.enigmaticus,lethrinus,enigmaticus,2,monroe
BIOT_7097_NBRO_061_RIG2,61,brothers,north_brother,20,30:00:00,lethrinus.enigmaticus,lethrinus,enigmaticus,7,vuong
"
BIOT_7097_EGMT_003_RIG4",3,egmont,ile_sudest,40,30:00:00,lethrinus.enigmaticus,lethrinus,enigmaticus,120,barone
BIOT_7097_PBAN_006_SOUTH_RIG2,6,peros_banhos,ile_fouquet,80,30:00:00,lethrinus.enigmaticus,lethrinus,enigmaticus,18,beckman
BIOT_7097_EGMT_091_RIG2,91,egmont,ile_carre_pate,60,30:00:00,lethrinus.enigmaticus,lethrinus,enigmaticus,2,beckman
BIOT_7097_EAGL_078_RIG4,78,eagle_island,eagle_island,75,30:00:00,lethrinus.enigmaticus,lethrinus,enigmaticus,4,beckman
BIOT_7097_SALO_039_BOD_RIG3,39,salomon,ile_boddam,80,35:26:00,lethrinus.enigmaticus,lethrinus,enigmaticus,3,podolinsky
BIOT_7097_EGMT_092_RIG3,92,egmont,ile_carre_pate,30,30:00:00,lethrinus.enigmaticus,lethrinus,enigmaticus,2,armstrong
BIOT_7097_PBAN_027_EAST_RIG15,27,peros_banhos,north_of_petite_ile_coquillage,30,30:00:00,nebrius.ferrugineus,nebrius,ferrugineus,1,marconi
BIOT_7097_EAGL_074_RIG5,74,eagle_island,eagle_island,0,30:00:00,nebrius.ferrugineus,nebrius,ferrugineus,0,finch
BIOT_7097_PBAN_008_SOUTH_RIG4,8,peros_banhos,ile_fouquet,90,30:00:00,nebrius.ferrugineus,nebrius,ferrugineus,1,fischer
BIOT_7097_NELS_057_RIG5,57,nelsons_island,nelsons_island,40,35:22:00,nebrius.ferrugineus,nebrius,ferrugineus,1,bunholi
BIOT_7097_EGMT_088_RIG4,88,egmont,ile_lubine,50,30:00:00,nebrius.ferrugineus,nebrius,ferrugineus,1,armada
BIOT_7097_SALO_046_MAP_RIG6,46,salomon,ile_de_la_passe_to_ile_mapou,40,30:00:00,nebrius.ferrugineus,nebrius,ferrugineus,1,grisson
BIOT_7097_SALO_049_MAP_RIG3,49,salomon,ile_de_la_passe_to_ile_mapou,35,30:00:00,nebrius.ferrugineus,nebrius,ferrugineus,1,zion
BIOT_7097_EAGL_071_RIG2,71,eagle_island,eagle_island,10,30:00:00,nebrius.ferrugineus,nebrius,ferrugineus,2,zion
BIOT_7097_SALO_050_MAP_RIG2,50,salomon,ile_de_la_passe_to_ile_mapou,26,30:00:00,nebrius.ferrugineus,nebrius,ferrugineus,2,nguyen
BIOT_7097_NELS_058_RIG4,58,nelsons_island,east_of_nelsons_island,31,30:00:00,nebrius.ferrugineus,nebrius,ferrugineus,1,nguyen
BIOT_7097_PBAN_033_EAST_RIG4,33,peros_banhos,south_of_ile_yeye,5,30:00:00,nebrius.ferrugineus,nebrius,ferrugineus,1,monroe
BIOT_7097_SALO_040_BOD_RIG2,40,salomon,ile_boddam,70,25:00:00,nebrius.ferrugineus,nebrius,ferrugineus,1,barone
BIOT_7097_PBAN_006_SOUTH_RIG2,6,peros_banhos,ile_fouquet,80,30:00:00,nebrius.ferrugineus,nebrius,ferrugineus,1,beckman
BIOT_7097_EGMT_092_RIG3,92,egmont,ile_carre_pate,30,30:00:00,nebrius.ferrugineus,nebrius,ferrugineus,1,armstrong
BIOT_7097_NELS_057_RIG5,57,nelsons_island,nelsons_island,40,35:22:00,sphyraena.forsteri,sphyraena,forsteri,1,bunholi
BIOT_7097_NBRO_068_RIG4,68,brothers,north_brother,30,35:22:00,sphyraena.forsteri,sphyraena,forsteri,1,bunholi
BIOT_7097_SALO_046_MAP_RIG6,46,salomon,ile_de_la_passe_to_ile_mapou,40,30:00:00,paracirrhites.forsteri,paracirrhites,forsteri,1,grisson
BIOT_7097_SALO_049_MAP_RIG3,49,salomon,ile_de_la_passe_to_ile_mapou,35,30:00:00,paracirrhites.forsteri,paracirrhites,forsteri,13,zion
BIOT_7097_EAGL_071_RIG2,71,eagle_island,eagle_island,10,30:00:00,paracirrhites.forsteri,paracirrhites,forsteri,1,zion
BIOT_7097_EGMT_084_RIG5,84,egmont,ile_sudest,15,30:00:00,paracirrhites.forsteri,paracirrhites,forsteri,1,zion
BIOT_7097_EGMT_084_RIG5,84,egmont,ile_sudest,15,30:00:00,paracirrhites.forsteri,paracirrhites,forsteri,1,zion
BIOT_7097_EAGL_078_RIG4,78,eagle_island,eagle_island,75,30:00:00,paracirrhites.forsteri,paracirrhites,forsteri,3,beckman
BIOT_7097_EAGL_080_RIG2,80,eagle_island,eagle_island,20,30:00:00,aphareus.furca,aphareus,furca,1,hensch
BIOT_7097_EGMT_088_RIG4,88,egmont,ile_lubine,50,30:00:00,aphareus.furca,aphareus,furca,1,armada
BIOT_7097_PBAN_018_SOUTH_RIG4,18,peros_banhos,ile_du_coin,40,30:00:00,aphareus.furca,aphareus,furca,1,armada
BIOT_7097_PBAN_024_EAST_RIG5,24,peros_banhos,north_of_petite_ile_coquillage,5,30:00:00,aphareus.furca,aphareus,furca,1,armada
BIOT_7097_PBAN_009_SOUTH_RIG5,9,peros_banhos,ile_fouquet,65,30:00:00,aphareus.furca,aphareus,furca,5,armstrong
BIOT_7097_NELS_055_RIG6,55,nelsons_island,east_of_nelsons_island,12,30:00:00,epinephelus.fuscoguttatus,epinephelus,fuscoguttatus,1,marconi
BIOT_7097_SALO_049_MAP_RIG3,49,salomon,ile_de_la_passe_to_ile_mapou,35,30:00:00,epinephelus.fuscoguttatus,epinephelus,fuscoguttatus,1,zion
BIOT_7097_SALO_049_MAP_RIG3,49,salomon,ile_de_la_passe_to_ile_mapou,35,30:00:00,epinephelus.fuscoguttatus,epinephelus,fuscoguttatus,1,zion
BIOT_7097_SALO_038_BOD_RIG4,38,salomon,ile_boddam,70,30:00:00,epinephelus.fuscoguttatus,epinephelus,fuscoguttatus,2,kelly
BIOT_7097_SALO_044_ANG_RIG5,44,salomon,ile_anglaise,85,30:00:00,lutjanus.gibbus,lutjanus,gibbus,3,portice
BIOT_7097_PBAN_018_SOUTH_RIG4,18,peros_banhos,ile_du_coin,40,30:00:00,lutjanus.gibbus,lutjanus,gibbus,1,armada
BIOT_7097_EAGL_071_RIG2,71,eagle_island,eagle_island,10,30:00:00,lutjanus.gibbus,lutjanus,gibbus,2,zion
BIOT_7097_EAGL_071_RIG2,71,eagle_island,eagle_island,10,30:00:00,lutjanus.gibbus,lutjanus,gibbus,3,zion
BIOT_7097_EGMT_084_RIG5,84,egmont,ile_sudest,15,30:00:00,lutjanus.gibbus,lutjanus,gibbus,1,zion
BIOT_7097_SALO_050_MAP_RIG2,50,salomon,ile_de_la_passe_to_ile_mapou,26,30:00:00,lutjanus.gibbus,lutjanus,gibbus,1,nguyen
BIOT_7097_NELS_058_RIG4,58,nelsons_island,east_of_nelsons_island,31,30:00:00,lutjanus.gibbus,lutjanus,gibbus,2,nguyen
BIOT_7097_PBAN_033_EAST_RIG4,33,peros_banhos,south_of_ile_yeye,5,30:00:00,lutjanus.gibbus,lutjanus,gibbus,1,monroe
BIOT_7097_EGMT_091_RIG2,91,egmont,ile_carre_pate,60,30:00:00,lutjanus.gibbus,lutjanus,gibbus,64,beckman
BIOT_7097_EGMT_093_RIG4,93,egmont,ile_carre_pate,60,32:00:00,lutjanus.gibbus,lutjanus,gibbus,40,li
BIOT_7097_SALO_041_ANG_RIG2,41,salomon,ile_anglaise,40,30:00:00,lutjanus.gibbus,lutjanus,gibbus,1,armstrong
BIOT_7097_SALO_049_MAP_RIG3,49,salomon,ile_de_la_passe_to_ile_mapou,35,30:00:00,melichthys.indicus,melichthys,indicus,4,zion
BIOT_7097_SALO_049_MAP_RIG3,49,salomon,ile_de_la_passe_to_ile_mapou,35,30:00:00,melichthys.indicus,melichthys,indicus,6,zion
BIOT_7097_EAGL_071_RIG2,71,eagle_island,eagle_island,10,30:00:00,melichthys.indicus,melichthys,indicus,6,zion
BIOT_7097_EAGL_071_RIG2,71,eagle_island,eagle_island,10,30:00:00,melichthys.indicus,melichthys,indicus,6,zion
BIOT_7097_EAGL_071_RIG2,71,eagle_island,eagle_island,10,30:00:00,melichthys.indicus,melichthys,indicus,2,zion
BIOT_7097_SALO_050_MAP_RIG2,50,salomon,ile_de_la_passe_to_ile_mapou,26,30:00:00,melichthys.indicus,melichthys,indicus,3,nguyen
BIOT_7097_NELS_055_RIG6,55,nelsons_island,east_of_nelsons_island,12,30:00:00,synodus.jaculum,synodus,jaculum,1,marconi
BIOT_7097_SALO_043_ANG_RIG4,43,salomon,ile_anglaise,15,35:43:00,plectropomus.laevis,plectropomus,laevis,3,marconi
BIOT_7097_NBRO_065_RIG6,65,brothers,north_brother,85,30:00:00,plectropomus.laevis,plectropomus,laevis,0,finch
BIOT_7097_SALO_047_MAP_RIG5,47,salomon,ile_de_la_passe_to_ile_mapou,20,35:22:00,plectropomus.laevis,plectropomus,laevis,1,bunholi
BIOT_7097_NELS_057_RIG5,57,nelsons_island,nelsons_island,40,35:22:00,plectropomus.laevis,plectropomus,laevis,1,bunholi
BIOT_7097_EGMT_081_RIG2,81,egmont,ile_des_rats,15,35:22:00,plectropomus.laevis,plectropomus,laevis,2,bunholi
BIOT_7097_NBRO_062_RIG3,62,brothers,north_brother,8,30:00:00,plectropomus.laevis,plectropomus,laevis,1,portice
BIOT_7097_PBAN_018_SOUTH_RIG4,18,peros_banhos,ile_du_coin,40,30:00:00,plectropomus.laevis,plectropomus,laevis,1,armada
BIOT_7097_PBAN_024_EAST_RIG5,24,peros_banhos,north_of_petite_ile_coquillage,5,30:00:00,plectropomus.laevis,plectropomus,laevis,1,armada
BIOT_7097_SALO_050_MAP_RIG2,50,salomon,ile_de_la_passe_to_ile_mapou,26,30:00:00,plectropomus.laevis,plectropomus,laevis,6,nguyen
BIOT_7097_PBAN_033_EAST_RIG4,33,peros_banhos,south_of_ile_yeye,5,30:00:00,plectropomus.laevis,plectropomus,laevis,1,monroe
BIOT_7097_SALO_045_ANG_RIG6,45,salomon,ile_anglaise,40,30:00:00,plectropomus.laevis,plectropomus,laevis,3,vuong
BIOT_7097_EAGL_076_RIG6,76,eagle_island,eagle_island,15,30:00:00,plectropomus.laevis,plectropomus,laevis,2,vuong
BIOT_7097_SALO_040_BOD_RIG2,40,salomon,ile_boddam,70,25:00:00,plectropomus.laevis,plectropomus,laevis,3,barone
BIOT_7097_NELS_054_RIG5,54,nelsons_island,east_of_nelsons_island,30,30:00:00,plectropomus.laevis,plectropomus,laevis,1,barone
BIOT_7097_SALO_042_ANG_RIG3,42,salomon,ile_anglaise,20,30:00:00,plectropomus.laevis,plectropomus,laevis,1,kelly
BIOT_7097_SALO_038_BOD_RIG4,38,salomon,ile_boddam,70,30:00:00,plectropomus.laevis,plectropomus,laevis,2,kelly
BIOT_7097_NELS_053_RIG4,53,nelsons_island,east_of_nelsons_island,10,30:00:00,plectropomus.laevis,plectropomus,laevis,1,kelly
BIOT_7097_PBAN_006_SOUTH_RIG2,6,peros_banhos,ile_fouquet,80,30:00:00,plectropomus.laevis,plectropomus,laevis,1,beckman
BIOT_7097_EAGL_078_RIG4,78,eagle_island,eagle_island,75,30:00:00,plectropomus.laevis,plectropomus,laevis,2,beckman
BIOT_7097_SALO_039_BOD_RIG3,39,salomon,ile_boddam,80,35:26:00,plectropomus.laevis,plectropomus,laevis,1,podolinsky
BIOT_7097_PBAN_009_SOUTH_RIG5,9,peros_banhos,ile_fouquet,65,30:00:00,plectropomus.laevis,plectropomus,laevis,3,armstrong
BIOT_7097_SALO_041_ANG_RIG2,41,salomon,ile_anglaise,40,30:00:00,plectropomus.laevis,plectropomus,laevis,1,armstrong
BIOT_7097_EGMT_092_RIG3,92,egmont,ile_carre_pate,30,30:00:00,plectropomus.laevis,plectropomus,laevis,1,armstrong
BIOT_7097_EAGL_080_RIG2,80,eagle_island,eagle_island,20,30:00:00,plectropomus.laevis,plectropomus,laevis,1,hensch
BIOT_7097_PBAN_029_EAST_RIG3,29,peros_banhos,north_of_petite_ile_coquillage,10,30:00:00,plectropomus.laevis,plectropomus,laevis,2,hensch
BIOT_7097_NELS_051_RIG2,51,nelsons_island,east_of_nelsons_island,30,30:00:00,plectropomus.laevis,plectropomus,laevis,1,hensch
BIOT_7097_PBAN_027_EAST_RIG11,27,peros_banhos,north_of_petite_ile_coquillage,30,30:00:00,plectropomus.laevis,plectropomus,laevis,1,marconi
BIOT_7097_SALO_049_MAP_RIG3,49,salomon,ile_de_la_passe_to_ile_mapou,35,30:00:00,plectropomus.laevis,plectropomus,laevis,1,zion
BIOT_7097_EGMT_084_RIG5,84,egmont,ile_sudest,15,30:00:00,plectropomus.laevis,plectropomus,laevis,1,zion
BIOT_7097_EGMT_084_RIG5,84,egmont,ile_sudest,15,30:00:00,plectropomus.laevis,plectropomus,laevis,1,zion
BIOT_7097_PBAN_027_EAST_RIG10,27,peros_banhos,north_of_petite_ile_coquillage,30,30:00:00,variola.louti,variola,louti,1,marconi
BIOT_7097_NBRO_065_RIG6,65,brothers,north_brother,85,30:00:00,variola.louti,variola,louti,0,finch
BIOT_7097_EGMT_086_RIG6,86,egmont,ile_des_rats,90,30:00:00,variola.louti,variola,louti,1,finch
BIOT_7097_EAGL_074_RIG5,74,eagle_island,eagle_island,0,30:00:00,variola.louti,variola,louti,1,finch
BIOT_7097_EAGL_073_RIG4,73,eagle_island,eagle_island,20,30:00:00,variola.louti,variola,louti,2,fischer
BIOT_7097_EGMT_087_RIG5,87,egmont,ile_lubine,85,30:00:00,variola.louti,variola,louti,1,fischer
BIOT_7097_PBAN_008_SOUTH_RIG4,8,peros_banhos,ile_fouquet,90,30:00:00,variola.louti,variola,louti,2,fischer
BIOT_7097_NELS_057_RIG5,57,nelsons_island,nelsons_island,40,35:22:00,variola.louti,variola,louti,1,bunholi
BIOT_7097_NBRO_068_RIG4,68,brothers,north_brother,30,35:22:00,variola.louti,variola,louti,1,bunholi
BIOT_7097_EGMT_081_RIG2,81,egmont,ile_des_rats,15,35:22:00,variola.louti,variola,louti,1,bunholi
BIOT_7097_NBRO_062_RIG3,62,brothers,north_brother,8,30:00:00,variola.louti,variola,louti,1,portice
BIOT_7097_EAGL_080_RIG2,80,eagle_island,eagle_island,20,30:00:00,variola.louti,variola,louti,1,hensch
BIOT_7097_NELS_051_RIG2,51,nelsons_island,east_of_nelsons_island,30,30:00:00,variola.louti,variola,louti,2,hensch
BIOT_7097_EGMT_082_RIG3,82,egmont,ile_des_rats,30,30:00:00,variola.louti,variola,louti,1,grisson
BIOT_7097_EGMT_084_RIG5,84,egmont,ile_sudest,15,30:00:00,variola.louti,variola,louti,1,zion
BIOT_7097_EGMT_084_RIG5,84,egmont,ile_sudest,15,30:00:00,variola.louti,variola,louti,1,zion
BIOT_7097_NELS_058_RIG4,58,nelsons_island,east_of_nelsons_island,31,30:00:00,variola.louti,variola,louti,1,nguyen
BIOT_7097_EGMT_095_RIG6,95,egmont,ile_des_rats,24,30:00:00,variola.louti,variola,louti,2,nguyen
BIOT_7097_PBAN_033_EAST_RIG4,33,peros_banhos,south_of_ile_yeye,5,30:00:00,variola.louti,variola,louti,1,monroe
BIOT_7097_EGMT_004_RIG6,4,egmont,ile_sudest,35,30:00:00,variola.louti,variola,louti,13,monroe
BIOT_7097_NBRO_061_RIG2,61,brothers,north_brother,20,30:00:00,variola.louti,variola,louti,2,vuong
BIOT_7097_EAGL_076_RIG6,76,eagle_island,eagle_island,15,30:00:00,variola.louti,variola,louti,4,vuong
BIOT_7097_NELS_054_RIG5,54,nelsons_island,east_of_nelsons_island,30,30:00:00,variola.louti,variola,louti,2,barone
BIOT_7097_NELS_052_RIG3,52,nelsons_island,east_of_nelsons_island,55,30:00:00,variola.louti,variola,louti,5,li
BIOT_7097_EGMT_093_RIG4,93,egmont,ile_carre_pate,60,32:00:00,variola.louti,variola,louti,2,li
BIOT_7097_EGMT_094_RIG5,94,egmont,ile_sudest,15,35:26:00,variola.louti,variola,louti,1,podolinsky
BIOT_7097_NELS_056_RIG6,56,nelsons_island,nelsons_island,10,35:26:00,variola.louti,variola,louti,2,podolinsky
BIOT_7097_PBAN_030_EAST_RIG2,30,peros_banhos,north_of_petite_ile_coquillage,20,35:26:00,variola.louti,variola,louti,1,podolinsky
BIOT_7097_EGMT_092_RIG3,92,egmont,ile_carre_pate,30,30:00:00,variola.louti,varioli,louti,2,armstrong
BIOT_7097_EGMT_082_RIG3,82,egmont,ile_des_rats,30,30:00:00,scomberoides.lysan,scomberoides,lysan,1,grisson
BIOT_7097_SALO_050_MAP_RIG2,50,salomon,ile_de_la_passe_to_ile_mapou,26,30:00:00,scomberoides.lysan,scomberoides,lysan,1,nguyen
BIOT_7097_SALO_038_BOD_RIG4,38,salomon,ile_boddam,70,30:00:00,scomberoides.lysan,scomberoides,lysan,8,kelly
BIOT_7097_EGMT_094_RIG5,94,egmont,ile_sudest,15,35:26:00,scomberoides.lysan,scomberoides,lysan,3,podolinsky
BIOT_7097_PBAN_027_EAST_RIG13,27,peros_banhos,north_of_petite_ile_coquillage,30,30:00:00,caranx.melampygus,caranx,melampygus,2,marconi
BIOT_7097_EAGL_073_RIG4,73,eagle_island,eagle_island,20,30:00:00,caranx.melampygus,caranx,melampygus,1,fischer
BIOT_7097_PBAN_008_SOUTH_RIG4,8,peros_banhos,ile_fouquet,90,30:00:00,caranx.melampygus,caranx,melampygus,2,fischer
BIOT_7097_SALO_047_MAP_RIG5,47,salomon,ile_de_la_passe_to_ile_mapou,20,35:22:00,caranx.melampygus,caranx,melampygus,3,bunholi
BIOT_7097_EGMT_081_RIG2,81,egmont,ile_des_rats,15,35:22:00,caranx.melampygus,caranx,melampygus,1,bunholi
BIOT_7097_SALO_044_ANG_RIG5,44,salomon,ile_anglaise,85,30:00:00,caranx.melampygus,caranx,melampygus,6,portice
BIOT_7097_PBAN_034_EAST_RIG5,34,peros_banhos,south_of_ile_yeye,10,30:00:00,caranx.melampygus,caranx,melampygus,1,portice
BIOT_7097_EAGL_080_RIG2,80,eagle_island,eagle_island,20,30:00:00,caranx.melampygus,caranx,melampygus,1,hensch
BIOT_7097_PBAN_029_EAST_RIG3,29,peros_banhos,north_of_petite_ile_coquillage,10,30:00:00,caranx.melampygus,caranx,melampygus,1,hensch
BIOT_7097_EGMT_082_RIG3,82,egmont,ile_des_rats,30,30:00:00,caranx.melampygus,caranx,melampygus,2,grisson
BIOT_7097_EAGL_071_RIG2,71,eagle_island,eagle_island,10,30:00:00,caranx.melampygus,caranx,melampygus,1,zion
BIOT_7097_EGMT_084_RIG5,84,egmont,ile_sudest,15,30:00:00,caranx.melampygus,caranx,melampygus,2,zion
BIOT_7097_PBAN_033_EAST_RIG4,33,peros_banhos,south_of_ile_yeye,5,30:00:00,caranx.melampygus,caranx,melampygus,2,monroe
BIOT_7097_SALO_040_BOD_RIG2,40,salomon,ile_boddam,70,25:00:00,caranx.melampygus,caranx,melampygus,1,barone
BIOT_7097_EAGL_075_RIG6,75,eagle_island,eagle_island,10,30:00:00,caranx.melampygus,caranx,melampygus,1,barone
BIOT_7097_SALO_038_BOD_RIG4,38,salomon,ile_boddam,70,30:00:00,caranx.melampygus,caranx,melampygus,2,kelly
BIOT_7097_PBAN_006_SOUTH_RIG2,6,peros_banhos,ile_fouquet,80,30:00:00,caranx.melampygus,caranx,melampygus,1,beckman
BIOT_7097_EGMT_091_RIG2,91,egmont,ile_carre_pate,60,30:00:00,caranx.melampygus,caranx,melampygus,1,beckman
BIOT_7097_PBAN_035_EAST_RIG6,35,peros_banhos,south_of_ile_yeye,15,31:00:00,caranx.melampygus,caranx,melampygus,1,li
BIOT_7097_EGMT_094_RIG5,94,egmont,ile_sudest,15,35:26:00,caranx.melampygus,caranx,melampygus,1,podolinsky
BIOT_7097_PBAN_030_EAST_RIG2,30,peros_banhos,north_of_petite_ile_coquillage,20,35:26:00,caranx.melampygus,caranx,melampygus,1,podolinsky
BIOT_7097_SALO_039_BOD_RIG3,39,salomon,ile_boddam,80,35:26:00,caranx.melampygus,caranx,melampygus,1,podolinsky
BIOT_7097_NBRO_065_RIG6,65,brothers,north_brother,85,30:00:00,carcharhinus.melanopterus,carcharhinus,melanopterus,0,finch
BIOT_7097_PBAN_008_SOUTH_RIG4,8,peros_banhos,ile_fouquet,90,30:00:00,carcharhinus.melanopterus,carcharhinus,melanopterus,1,fischer
BIOT_7097_SALO_047_MAP_RIG5,47,salomon,ile_de_la_passe_to_ile_mapou,20,35:22:00,carcharhinus.melanopterus,carcharhinus,melanopterus,1,bunholi
BIOT_7097_EGMT_081_RIG2,81,egmont,ile_des_rats,15,35:22:00,carcharhinus.melanopterus,carcharhinus,melanopterus,1,bunholi
BIOT_7097_SALO_044_ANG_RIG5,44,salomon,ile_anglaise,85,30:00:00,carcharhinus.melanopterus,carcharhinus,melanopterus,1,portice
BIOT_7097_SALO_046_MAP_RIG6,46,salomon,ile_de_la_passe_to_ile_mapou,40,30:00:00,carcharhinus.melanopterus,carcharhinus,melanopterus,1,grisson
BIOT_7097_EGMT_082_RIG3,82,egmont,ile_des_rats,30,30:00:00,carcharhinus.melanopterus,carcharhinus,melanopterus,1,grisson
BIOT_7097_NELS_053_RIG4,53,nelsons_island,east_of_nelsons_island,10,30:00:00,carcharhinus.melanopterus,carcharhinus,melanopterus,1,kelly
BIOT_7097_PBAN_006_SOUTH_RIG2,6,peros_banhos,ile_fouquet,80,30:00:00,carcharhinus.melanopterus,carcharhinus,melanopterus,1,beckman
BIOT_7097_EGMT_091_RIG2,91,egmont,ile_carre_pate,60,30:00:00,carcharhinus.melanopterus,carcharhinus,melanopterus,1,beckman
BIOT_7097_EGMT_093_RIG4,93,egmont,ile_carre_pate,60,32:00:00,carcharhinus.melanopterus,carcharhinus,melanopterus,1,li
BIOT_7097_EGMT_094_RIG5,94,egmont,ile_sudest,15,35:26:00,carcharhinus.melanopterus,carcharhinus,melanopterus,1,podolinsky
BIOT_7097_NELS_056_RIG6,56,nelsons_island,nelsons_island,10,35:26:00,carcharhinus.melanopterus,carcharhinus,melanopterus,2,podolinsky
BIOT_7097_SALO_039_BOD_RIG3,39,salomon,ile_boddam,80,35:26:00,carcharhinus.melanopterus,carcharhinus,melanopterus,1,podolinsky
BIOT_7097_SALO_041_ANG_RIG2,41,salomon,ile_anglaise,40,30:00:00,carcharhinus.melanopterus,carcharhinus,melanopterus,1,armstrong
BIOT_7097_EAGL_080_RIG2,80,eagle_island,eagle_island,20,30:00:00,carcharhinus.melanopterus,carcharhinus,melanopterus ,1,hensch
BIOT_7097_PBAN_029_EAST_RIG3,29,peros_banhos,north_of_petite_ile_coquillage,10,30:00:00,carcharhinus.melanopterus,carcharhinus,melanopterus ,1,hensch
BIOT_7097_EGMT_094_RIG5,94,egmont,ile_sudest,15,35:26:00,taeniurops.meyeni,taeniurops,meyeni,1,podolinsky
BIOT_7097_PBAN_027_EAST_RIG14,27,peros_banhos,north_of_petite_ile_coquillage,30,30:00:00,cephalopholis.miniata,cephalopholis,miniata,1,marconi
BIOT_7097_SALO_044_ANG_RIG5,44,salomon,ile_anglaise,85,30:00:00,lutjanus.monostigma,lutjanus,monostigma,1,portice
BIOT_7097_PBAN_029_EAST_RIG3,29,peros_banhos,north_of_petite_ile_coquillage,10,30:00:00,lutjanus.monostigma,lutjanus,monostigma,35,hensch
BIOT_7097_NBRO_061_RIG2,61,brothers,north_brother,20,30:00:00,lutjanus.monostigma,lutjanus,monostigma,2,vuong
BIOT_7097_EGMT_092_RIG3,92,egmont,ile_carre_pate,30,30:00:00,lutjanus.monostigma,lutjanus,monostigma,1,armstrong
BIOT_7097_SALO_043_ANG_RIG4,43,salomon,ile_anglaise,15,35:43:00,lethrinus.nebulosus,lethrinus,nebulosus,2,marconi
BIOT_7097_NELS_055_RIG6,55,nelsons_island,east_of_nelsons_island,12,30:00:00,lethrinus.nebulosus,lethrinus,nebulosus,1,marconi
BIOT_7097_NBRO_067_RIG5,67,brothers,north_brother,20,30:00:00,lethrinus.nebulosus,lethrinus,nebulosus,13,marconi
BIOT_7097_NBRO_065_RIG6,65,brothers,north_brother,85,30:00:00,lethrinus.nebulosus,lethrinus,nebulosus,0,finch
BIOT_7097_EAGL_073_RIG4,73,eagle_island,eagle_island,20,30:00:00,lethrinus.nebulosus,lethrinus,nebulosus,1,fischer
BIOT_7097_NELS_057_RIG5,57,nelsons_island,nelsons_island,40,35:22:00,lethrinus.nebulosus,lethrinus,nebulosus,1,bunholi
BIOT_7097_NELS_051_RIG2,51,nelsons_island,east_of_nelsons_island,30,30:00:00,lethrinus.nebulosus,lethrinus,nebulosus,2,hensch
BIOT_7097_NBRO_063_RIG4,63,brothers,north_brother,20,30:00:00,lethrinus.nebulosus,lethrinus,nebulosus,3,armada
BIOT_7097_EGMT_088_RIG4,88,egmont,ile_lubine,50,30:00:00,lethrinus.nebulosus,lethrinus,nebulosus,2,armada
BIOT_7097_SALO_046_MAP_RIG6,46,salomon,ile_de_la_passe_to_ile_mapou,40,30:00:00,lethrinus.nebulosus,lethrinus,nebulosus,1,grisson
BIOT_7097_NBRO_069_RIG3,69,brothers,north_brother,5,30:00:00,lethrinus.nebulosus,lethrinus,nebulosus,1,grisson
BIOT_7097_EGMT_082_RIG3,82,egmont,ile_des_rats,30,30:00:00,lethrinus.nebulosus,lethrinus,nebulosus,1,grisson
BIOT_7097_PBAN_033_EAST_RIG4,33,peros_banhos,south_of_ile_yeye,5,30:00:00,lethrinus.nebulosus,lethrinus,nebulosus,1,monroe
BIOT_7097_NBRO_066_RIG6,66,brothers,north_brother,25,30:00:00,lethrinus.nebulosus,lethrinus,nebulosus,12,monroe
BIOT_7097_EGMT_004_RIG6,4,egmont,ile_sudest,35,30:00:00,lethrinus.nebulosus,lethrinus,nebulosus,4,monroe
BIOT_7097_EAGL_076_RIG6,76,eagle_island,eagle_island,15,30:00:00,lethrinus.nebulosus,lethrinus,nebulosus,1,vuong
BIOT_7097_NELS_054_RIG5,54,nelsons_island,east_of_nelsons_island,30,30:00:00,lethrinus.nebulosus,lethrinus,nebulosus,1,barone
BIOT_7097_EAGL_075_RIG6,75,eagle_island,eagle_island,10,30:00:00,lethrinus.nebulosus,lethrinus,nebulosus,3,barone
BIOT_7097_NELS_053_RIG4,53,nelsons_island,east_of_nelsons_island,10,30:00:00,lethrinus.nebulosus,lethrinus,nebulosus,1,kelly
BIOT_7097_NBRO_064_RIG5,64,brothers,north_brother,30,30:00:00,lethrinus.nebulosus,lethrinus,nebulosus,7,kelly
BIOT_7097_NELS_052_RIG3,52,nelsons_island,east_of_nelsons_island,55,30:00:00,lethrinus.nebulosus,lethrinus,nebulosus,3,li
BIOT_7097_EGMT_094_RIG5,94,egmont,ile_sudest,15,35:26:00,lethrinus.nebulosus,lethrinus,nebulosus,1,podolinsky
BIOT_7097_NELS_056_RIG6,56,nelsons_island,nelsons_island,10,35:26:00,lethrinus.nebulosus,lethrinus,nebulosus,2,podolinsky
BIOT_7097_SALO_043_ANG_RIG4,43,salomon,ile_anglaise,15,35:43:00,melichthys.niger,melichthys,niger,1,marconi
BIOT_7097_PBAN_027_EAST_RIG5,27,peros_banhos,north_of_petite_ile_coquillage,30,30:00:00,melichthys.niger,melichthys,niger,12,marconi
BIOT_7097_NELS_055_RIG6,55,nelsons_island,east_of_nelsons_island,12,30:00:00,melichthys.niger,melichthys,niger,1,marconi
BIOT_7097_NBRO_067_RIG5,67,brothers,north_brother,20,30:00:00,melichthys.niger,melichthys,niger,28,marconi
BIOT_7097_NBRO_065_RIG6,65,brothers,north_brother,85,30:00:00,melichthys.niger,melichthys,niger,0,finch
BIOT_7097_EGMT_086_RIG6,86,egmont,ile_des_rats,90,30:00:00,melichthys.niger,melichthys,niger,0,finch
BIOT_7097_EAGL_074_RIG5,74,eagle_island,eagle_island,0,30:00:00,melichthys.niger,melichthys,niger,0,finch
BIOT_7097_EAGL_073_RIG4,73,eagle_island,eagle_island,20,30:00:00,melichthys.niger,melichthys,niger,4,fischer
BIOT_7097_EGMT_087_RIG5,87,egmont,ile_lubine,85,30:00:00,melichthys.niger,melichthys,niger,8,fischer
BIOT_7097_PBAN_008_SOUTH_RIG4,8,peros_banhos,ile_fouquet,90,30:00:00,melichthys.niger,melichthys,niger,5,fischer
BIOT_7097_SALO_047_MAP_RIG5,47,salomon,ile_de_la_passe_to_ile_mapou,20,35:22:00,melichthys.niger,melichthys,niger,23,bunholi
BIOT_7097_NBRO_068_RIG4,68,brothers,north_brother,30,35:22:00,melichthys.niger,melichthys,niger,1,bunholi
BIOT_7097_EGMT_081_RIG2,81,egmont,ile_des_rats,15,35:22:00,melichthys.niger,melichthys,niger,5,bunholi
BIOT_7097_SALO_044_ANG_RIG5,44,salomon,ile_anglaise,85,30:00:00,melichthys.niger,melichthys,niger,3,portice
BIOT_7097_PBAN_034_EAST_RIG5,34,peros_banhos,south_of_ile_yeye,10,30:00:00,melichthys.niger,melichthys,niger,2,portice
BIOT_7097_NBRO_062_RIG3,62,brothers,north_brother,8,30:00:00,melichthys.niger,melichthys,niger,2,portice
BIOT_7097_EAGL_080_RIG2,80,eagle_island,eagle_island,20,30:00:00,melichthys.niger,melichthys,niger,1,hensch
BIOT_7097_NBRO_063_RIG4,63,brothers,north_brother,20,30:00:00,melichthys.niger,melichthys,niger,2,armada
BIOT_7097_EGMT_088_RIG4,88,egmont,ile_lubine,50,30:00:00,melichthys.niger,melichthys,niger,21,armada
BIOT_7097_PBAN_018_SOUTH_RIG4,18,peros_banhos,ile_du_coin,40,30:00:00,melichthys.niger,melichthys,niger,2,armada
BIOT_7097_PBAN_024_EAST_RIG5,24,peros_banhos,north_of_petite_ile_coquillage,5,30:00:00,melichthys.niger,melichthys,niger,1,armada
BIOT_7097_SALO_046_MAP_RIG6,46,salomon,ile_de_la_passe_to_ile_mapou,40,30:00:00,melichthys.niger,melichthys,niger,4,grisson
BIOT_7097_NBRO_069_RIG3,69,brothers,north_brother,5,30:00:00,melichthys.niger,melichthys,niger,1,grisson
BIOT_7097_EGMT_082_RIG3,82,egmont,ile_des_rats,30,30:00:00,melichthys.niger,melichthys,niger,9,grisson
BIOT_7097_SALO_050_MAP_RIG2,50,salomon,ile_de_la_passe_to_ile_mapou,26,30:00:00,melichthys.niger,melichthys,niger,6,nguyen
BIOT_7097_EGMT_095_RIG6,95,egmont,ile_des_rats,15,30:00:00,melichthys.niger,melichtys,niger,3,nguyen
BIOT_7097_NBRO_066_RIG6,66,brothers,north_brother,25,30:00:00,melichthys.niger,melichthys,niger,3,monroe
BIOT_7097_EGMT_004_RIG6,4,egmont,ile_sudest,35,30:00:00,melichthys.niger,melichthys,niger,3,monroe
BIOT_7097_NBRO_061_RIG2,61,brothers,north_brother,20,30:00:00,melichthys.niger,melichthys,niger,30,vuong
BIOT_7097_EAGL_076_RIG6,76,eagle_island,eagle_island,15,30:00:00,melichthys.niger,melichthys,niger,1,vuong
BIOT_7097_SALO_042_ANG_RIG3,42,salomon,ile_anglaise,20,30:00:00,melichthys.niger,melichthys,niger,2,kelly
BIOT_7097_NELS_053_RIG4,53,nelsons_island,east_of_nelsons_island,10,30:00:00,melichthys.niger,melichthys,niger,1,kelly
BIOT_7097_NBRO_064_RIG5,64,brothers,north_brother,30,30:00:00,melichthys.niger,melichthys,niger,2,kelly
BIOT_7097_PBAN_006_SOUTH_RIG2,6,peros_banhos,ile_fouquet,80,30:00:00,melichthys.niger,melichthys,niger,4,beckman
BIOT_7097_EGMT_091_RIG2,91,egmont,ile_carre_pate,60,30:00:00,melichthys.niger,melichthys,niger,11,beckman
BIOT_7097_EAGL_078_RIG4,78,eagle_island,eagle_island,75,30:00:00,melichthys.niger,melichthys,niger,2,beckman
BIOT_7097_PBAN_035_EAST_RIG6,35,peros_banhos,south_of_ile_yeye,15,31:00:00,melichthys.niger,melichthys,niger,2,li
BIOT_7097_NELS_052_RIG3,52,nelsons_island,east_of_nelsons_island,55,30:00:00,melichthys.niger,melichthys,niger,2,li
BIOT_7097_EGMT_093_RIG4,93,egmont,ile_carre_pate,60,32:00:00,melichthys.niger,melichthys,niger,9,li
BIOT_7097_EGMT_094_RIG5,94,egmont,ile_sudest,15,35:26:00,melichthys.niger,melichthys,niger,3,podolinsky
BIOT_7097_NELS_056_RIG6,56,nelsons_island,nelsons_island,10,35:26:00,melichthys.niger,melichthys,niger,1,podolinsky
BIOT_7097_PBAN_030_EAST_RIG2,30,peros_banhos,north_of_petite_ile_coquillage,20,35:26:00,melichthys.niger,melichthys,niger,3,podolinsky
BIOT_7097_PBAN_009_SOUTH_RIG5,9,peros_banhos,ile_fouquet,65,30:00:00,melichthys.niger,melichthys,niger,2,armstrong
BIOT_7097_EGMT_092_RIG3,92,egmont,ile_carre_pate,30,30:00:00,melichthys.niger,melichthys,niger,9,armstrong
BIOT_7097_EGMT_092_RIG3,92,egmont,ile_carre_pate,30,30:00:00,macolor.niger,macolor,niger,1,armstrong
BIOT_7097_NELS_055_RIG6,55,nelsons_island,east_of_nelsons_island,12,30:00:00,triaenodon.obesus,triaenodon,obesus,1,marconi
BIOT_7097_NBRO_067_RIG5,67,brothers,north_brother,20,30:00:00,triaenodon.obesus,triaenodon,obesus,1,marconi
BIOT_7097_NBRO_065_RIG6,65,brothers,north_brother,85,30:00:00,triaenodon.obesus,triaenodon,obesus,0,finch
BIOT_7097_EAGL_073_RIG4,73,eagle_island,eagle_island,20,30:00:00,triaenodon.obesus,triaenodon,obesus,1,fischer
BIOT_7097_EGMT_087_RIG5,87,egmont,ile_lubine,85,30:00:00,triaenodon.obesus,triaenodon,obesus,2,fischer
BIOT_7097_PBAN_008_SOUTH_RIG4,8,peros_banhos,ile_fouquet,90,30:00:00,triaenodon.obesus,triaenodon,obesus,1,fischer
BIOT_7097_EGMT_081_RIG2,81,egmont,ile_des_rats,15,35:22:00,triaenodon.obesus,triaenodon,obesus,1,bunholi
BIOT_7097_PBAN_029_EAST_RIG3,29,peros_banhos,north_of_petite_ile_coquillage,10,30:00:00,triaenodon.obesus,triaenodon,obesus,2,hensch
BIOT_7097_NBRO_063_RIG4,63,brothers,north_brother,20,30:00:00,triaenodon.obesus,triaenodon,obesus,1,armada
BIOT_7097_SALO_046_MAP_RIG6,46,salomon,ile_de_la_passe_to_ile_mapou,40,30:00:00,triaenodon.obesus,triaenodon,obesus,1,grisson
BIOT_7097_NBRO_069_RIG3,69,brothers,north_brother,5,30:00:00,triaenodon.obesus,triaenodon,obesus,1,grisson
BIOT_7097_EGMT_082_RIG3,82,egmont,ile_des_rats,30,30:00:00,triaenodon.obesus,triaenodon,obesus,1,grisson
BIOT_7097_SALO_049_MAP_RIG3,49,salomon,ile_de_la_passe_to_ile_mapou,35,30:00:00,triaenodon.obesus,triaenodon,obesus,1,zion
BIOT_7097_SALO_049_MAP_RIG3,49,salomon,ile_de_la_passe_to_ile_mapou,35,30:00:00,triaenodon.obesus,triaenodon,obesus,2,zion
BIOT_7097_EAGL_071_RIG2,71,eagle_island,eagle_island,10,30:00:00,triaenodon.obesus,triaenodon,obesus,3,zion
BIOT_7097_EAGL_071_RIG2,71,eagle_island,eagle_island,10,30:00:00,triaenodon.obesus,triaenodon,obesus,1,zion
BIOT_7097_EGMT_084_RIG5,84,egmont,ile_sudest,15,30:00:00,triaenodon.obesus,triaenodon,obesus,3,zion
BIOT_7097_EGMT_084_RIG5,84,egmont,ile_sudest,15,30:00:00,triaenodon.obesus,triaenodon,obesus,2,zion
BIOT_7097_SALO_050_MAP_RIG2,50,salomon,ile_de_la_passe_to_ile_mapou,26,30:00:00,triaenodon.obesus,triaenodon,obesus,6,nguyen
BIOT_7097_EGMT_095_RIG6,95,egmont,ile_des_rats,24,30:00:00,triaenodon.obesus,triaenodon,obesus,3,nguyen
BIOT_7097_PBAN_033_EAST_RIG4,33,peros_banhos,south_of_ile_yeye,5,30:00:00,triaenodon.obesus,triaenodon,obesus,2,monroe
BIOT_7097_NBRO_066_RIG6,66,brothers,north_brother,25,30:00:00,triaenodon.obesus,triaenodon,obesus,2,monroe
BIOT_7097_EGMT_004_RIG6,4,egmont,ile_sudest,35,30:00:00,triaenodon.obesus,triaenodon,obesus,3,monroe
BIOT_7097_SALO_040_BOD_RIG2,40,salomon,ile_boddam,70,25:00:00,triaenodon.obesus,triaenodon,obesus,3,barone
BIOT_7097_NELS_054_RIG5,54,nelsons_island,east_of_nelsons_island,30,30:00:00,triaenodon.obesus,triaenodon,obesus,1,barone
BIOT_7097_EAGL_075_RIG6,75,eagle_island,eagle_island,10,30:00:00,triaenodon.obesus,triaenodon,obesus,1,barone
BIOT_7097_SALO_038_BOD_RIG4,38,salomon,ile_boddam,70,30:00:00,triaenodon.obesus,triaenodon,obesus,1,kelly
BIOT_7097_PBAN_006_SOUTH_RIG2,6,peros_banhos,ile_fouquet,80,30:00:00,triaenodon.obesus,triaenodon,obesus,2,beckman
BIOT_7097_EGMT_094_RIG5,94,egmont,ile_sudest,15,35:26:00,triaenodon.obesus,triaenodon,obesus,1,podolinsky
BIOT_7097_PBAN_030_EAST_RIG2,30,peros_banhos,north_of_petite_ile_coquillage,20,35:26:00,triaenodon.obesus,triaenodon,obesus,1,podolinsky
BIOT_7097_PBAN_009_SOUTH_RIG5,9,peros_banhos,ile_fouquet,65,30:00:00,triaenodon.obesus,triaenodon,obesus,1,armstrong
BIOT_7097_SALO_041_ANG_RIG2,41,salomon,ile_anglaise,40,30:00:00,triaenodon.obesus,triaenodon,obesus,1,armstrong
BIOT_7097_EGMT_092_RIG3,92,egmont,ile_carre_pate,30,30:00:00,triaenodon.obesus,triaenodon,obesus,1,armstrong
BIOT_7097_NELS_052_RIG3,52,nelsons_island,east_of_nelsons_island,55,30:00:00,hyporthodus.octofasciatus,hyporthodus,octofasciatus,2,li
BIOT_7097_SALO_040_BOD_RIG2,40,salomon,ile_boddam,70,25:00:00,epinephelus.polyphekadion,epinephelus,polyphekadion,1,barone
BIOT_7097_SALO_039_BOD_RIG3,39,salomon,ile_boddam,80,35:26:00,epinephelus.polyphekadion,epinephelus,polyphekadion,1,podolinsky
BIOT_7097_SALO_041_ANG_RIG2,41,salomon,ile_anglaise,40,30:00:00,epinephelus.polyphekadion,epinephelus,polyphekadion,2,armstrong
BIOT_7097_SALO_044_ANG_RIG5,44,salomon,ile_anglaise,85,30:00:00,epinephelus.polyphekadion,epinephelus,polyphekadion ,1,portice
BIOT_7097_PBAN_034_EAST_RIG5,34,peros_banhos,south_of_ile_yeye,10,30:00:00,epinephelus.polyphekadion,epinephelus,polyphekadion ,1,portice
BIOT_7097_PBAN_029_EAST_RIG3,29,peros_banhos,north_of_petite_ile_coquillage,10,30:00:00,epinephelus.polyphekadion,epinephelus,polyphekadion ,2,hensch
BIOT_7097_PBAN_024_EAST_RIG5,24,peros_banhos,north_of_petite_ile_coquillage,5,30:00:00,epinephelus.polyphekadion,epinephelus,polyphekadion ,1,armada
BIOT_7097_SALO_043_ANG_RIG4,43,salomon,ile_anglaise,15,35:43:00,aethaloperca.rogaa,aethaloperca,rogaa,1,marconi
BIOT_7097_PBAN_027_EAST_RIG12,27,peros_banhos,north_of_petite_ile_coquillage,30,30:00:00,aethaloperca.rogaa,aethaloperca,rogaa,1,marconi
BIOT_7097_NBRO_067_RIG5,67,brothers,north_brother,20,30:00:00,aethaloperca.rogaa,aethaloperca,rogaa,1,marconi
BIOT_7097_EAGL_073_RIG4,73,eagle_island,eagle_island,20,30:00:00,aethaloperca.rogaa,aethaloperca,rogaa,1,fischer
BIOT_7097_EGMT_087_RIG5,87,egmont,ile_lubine,85,30:00:00,aethaloperca.rogaa,aethaloperca,rogaa,1,fischer
BIOT_7097_PBAN_008_SOUTH_RIG4,8,peros_banhos,ile_fouquet,90,30:00:00,aethaloperca.rogaa,aethaloperca,rogaa,3,fischer
BIOT_7097_SALO_044_ANG_RIG5,44,salomon,ile_anglaise,85,30:00:00,aethaloperca.rogaa,aethaloperca,rogaa,8,portice
BIOT_7097_PBAN_034_EAST_RIG5,34,peros_banhos,south_of_ile_yeye,10,30:00:00,aethaloperca.rogaa,aethaloperca,rogaa,2,portice
BIOT_7097_PBAN_024_EAST_RIG5,24,peros_banhos,north_of_petite_ile_coquillage,5,30:00:00,aethaloperca.rogaa,aethaloperca,rogaa,2,armada
BIOT_7097_SALO_046_MAP_RIG6,46,salomon,ile_de_la_passe_to_ile_mapou,40,30:00:00,aethaloperca.rogaa,aethaloperca,rogaa,1,grisson
BIOT_7097_NBRO_069_RIG3,69,brothers,north_brother,5,30:00:00,aethaloperca.rogaa,aethaloperca,rogaa,2,grisson
BIOT_7097_EGMT_082_RIG3,82,egmont,ile_des_rats,30,30:00:00,aethaloperca.rogaa,aethaloperca,rogaa,3,grisson
BIOT_7097_SALO_049_MAP_RIG3,49,salomon,ile_de_la_passe_to_ile_mapou,35,30:00:00,aethaloperca.rogaa,aethaloperca,rogaa,2,zion
BIOT_7097_EAGL_071_RIG2,71,eagle_island,eagle_island,10,30:00:00,aethaloperca.rogaa,aethaloperca,rogaa,8,zion
BIOT_7097_EAGL_071_RIG2,71,eagle_island,eagle_island,10,30:00:00,aethaloperca.rogaa,aethaloperca,rogaa,5,zion
BIOT_7097_SALO_050_MAP_RIG2,50,salomon,ile_de_la_passe_to_ile_mapou,26,30:00:00,aethaloperca.rogaa,aethaloperca,rogaa,2,nguyen
BIOT_7097_NBRO_061_RIG2,61,brothers,north_brother,20,30:00:00,aethaloperca.rogaa,aethaloperca,rogaa,1,vuong
BIOT_7097_EAGL_076_RIG6,76,eagle_island,eagle_island,15,30:00:00,aethaloperca.rogaa,aethaloperca,rogaa,1,vuong
BIOT_7097_SALO_040_BOD_RIG2,40,salomon,ile_boddam,70,25:00:00,aethaloperca.rogaa,aethaloperca,rogaa,2,barone
BIOT_7097_NELS_054_RIG5,54,nelsons_island,east_of_nelsons_island,30,30:00:00,aethaloperca.rogaa,aethaloperca,rogaa,1,barone
BIOT_7097_SALO_038_BOD_RIG4,38,salomon,ile_boddam,70,30:00:00,aethaloperca.rogaa,aethaloperca,rogaa,1,kelly
BIOT_7097_SALO_039_BOD_RIG3,39,salomon,ile_boddam,80,35:26:00,aethaloperca.rogaa,aethaloperca,rogaa,2,podolinsky
BIOT_7097_PBAN_009_SOUTH_RIG5,9,peros_banhos,ile_fouquet,65,30:00:00,aethaloperca.rogaa,aethaloperca,rogaa,23,armstrong
BIOT_7097_EGMT_092_RIG3,92,egmont,ile_carre_pate,30,30:00:00,aethaloperca.rogaa,aethaloperca,rogaa,2,armstrong
BIOT_7097_NELS_052_RIG3,52,nelsons_island,east_of_nelsons_island,55,30:00:00,lethrinus.rubrioperculatus,lethrinus,rubrioperculatus,2,li
BIOT_7097_SALO_043_ANG_RIG4,43,salomon,ile_anglaise,15,35:43:00,gymnothorax.sp,gymnothorax,sp,1,marconi
BIOT_7097_PBAN_034_EAST_RIG5,34,peros_banhos,south_of_ile_yeye,10,30:00:00,gymnothorax.sp,gymnothorax,sp,1,portice
BIOT_7097_PBAN_018_SOUTH_RIG4,18,peros_banhos,ile_du_coin,40,30:00:00,gymnothorax.sp,gymnothorax,sp,1,armada
BIOT_7097_NBRO_066_RIG6,66,brothers,north_brother,25,30:00:00,gymnothorax.sp,gymnothorax,sp,1,monroe
BIOT_7097_SALO_040_BOD_RIG2,40,salomon,ile_boddam,70,25:00:00,gymnothorax.sp,gymnothorax,sp,1,barone
BIOT_7097_NELS_054_RIG5,54,nelsons_island,east_of_nelsons_island,30,30:00:00,gymnothorax.sp,gymnothorax,sp,1,barone
BIOT_7097_SALO_042_ANG_RIG3,42,salomon,ile_anglaise,20,30:00:00,gymnothorax.sp,gymnothorax,sp,1,kelly
BIOT_7097_SALO_038_BOD_RIG4,38,salomon,ile_boddam,70,30:00:00,epinephelus.sp,epinephelus,sp,1,kelly
BIOT_7097_NBRO_064_RIG5,64,brothers,north_brother,30,30:00:00,gymnothorax.sp,gymnothorax,sp,1,kelly
BIOT_7097_NBRO_064_RIG5,64,brothers,north_brother,30,30:00:00,epinephelus.sp,epinephelus,sp,1,kelly
BIOT_7097_NELS_052_RIG3,52,nelsons_island,east_of_nelsons_island,55,30:00:00,gymnothorax.sp,gymnothorax,sp,1,li
BIOT_7097_EGMT_094_RIG5,94,egmont,ile_sudest,15,35:26:00,gymnothorax.sp,gymnothorax,sp,1,podolinsky
BIOT_7097_SALO_039_BOD_RIG3,39,salomon,ile_boddam,80,35:26:00,gymnothorax.sp,gymnothorax,sp,1,podolinsky
BIOT_7097_SALO_043_ANG_RIG4,43,salomon,ile_anglaise,15,35:43:00,sargocentron.spiniferum,sargocentron,spiniferum,2,marconi
BIOT_7097_EGMT_092_RIG3,92,egmont,ile_carre_pate,30,30:00:00,abalistes.stellatus,abalistes,stellatus,1,armstrong
BIOT_7097_SALO_042_ANG_RIG3,42,salomon,ile_anglaise,20,30:00:00,ephinephelus.tauvina,ephinephelus,tauvina,1,kelly
BIOT_7097_SALO_043_ANG_RIG4,43,salomon,ile_anglaise,15,35:43:00,balistapus.undulatus,balistapus,undulatus,1,marconi
BIOT_7097_PBAN_027_EAST_RIG6,27,peros_banhos,north_of_petite_ile_coquillage,30,30:00:00,balistapus.undulatus,balistapus,undulatus,2,marconi
BIOT_7097_NBRO_067_RIG5,67,brothers,north_brother,20,30:00:00,balistapus.undulatus,balistapus,undulatus,3,marconi
BIOT_7097_NBRO_062_RIG3,62,brothers,north_brother,8,30:00:00,balistapus.undulatus,balistapus,undulatus,1,portice
BIOT_7097_NBRO_063_RIG4,63,brothers,north_brother,20,30:00:00,balistapus.undulatus,balistapus,undulatus,2,armada
BIOT_7097_EGMT_088_RIG4,88,egmont,ile_lubine,50,30:00:00,balistapus.undulatus,balistapus,undulatus,2,armada
BIOT_7097_PBAN_018_SOUTH_RIG4,18,peros_banhos,ile_du_coin,40,30:00:00,balistapus.undulatus,balistapus,undulatus,1,armada
BIOT_7097_PBAN_024_EAST_RIG5,24,peros_banhos,north_of_petite_ile_coquillage,5,30:00:00,balistapus.undulatus,balistapus,undulatus,1,armada
BIOT_7097_EAGL_071_RIG2,71,eagle_island,eagle_island,10,30:00:00,balistapus.undulatus,balistapus,undulatus,2,zion
BIOT_7097_EAGL_071_RIG2,71,eagle_island,eagle_island,10,30:00:00,balistapus.undulatus,balistapus,undulatus,2,zion
BIOT_7097_EGMT_084_RIG5,84,egmont,ile_sudest,15,30:00:00,balistapus.undulatus,balistapus,undulatus,1,zion
BIOT_7097_EGMT_084_RIG5,84,egmont,ile_sudest,15,30:00:00,balistapus.undulatus,balistapus,undulatus,1,zion
BIOT_7097_SALO_050_MAP_RIG2,50,salomon,ile_de_la_passe_to_ile_mapou,26,30:00:00,balistapus.undulatus,balistapus,undulatus,1,nguyen
BIOT_7097_NELS_058_RIG4,58,nelsons_island,east_of_nelsons_island,31,30:00:00,balistapus.undulatus,balistapus,undulatus,1,nguyen
BIOT_7097_NBRO_064_RIG5,64,brothers,north_brother,30,30:00:00,balistapus.undulatus,balistapus,undulatus,1,kelly
BIOT_7097_NELS_052_RIG3,52,nelsons_island,east_of_nelsons_island,55,30:00:00,balistapus.undulatus,balistapus,undulatus,1,li
BIOT_7097_EGMT_094_RIG5,94,egmont,ile_sudest,15,35:26:00,balistapus.undulatus,balistapus,undulatus,2,podolinsky
BIOT_7097_NELS_056_RIG6,56,nelsons_island,nelsons_island,10,35:26:00,balistapus.undulatus,balistapus,undulatus,1,podolinsky
BIOT_7097_PBAN_030_EAST_RIG2,30,peros_banhos,north_of_petite_ile_coquillage,20,35:26:00,balistapus.undulatus,balistapus,undulatus,1,podolinsky
BIOT_7097_SALO_039_BOD_RIG3,39,salomon,ile_boddam,80,35:26:00,balistapus.undulatus,balistapus,undulatus,2,podolinsky
BIOT_7097_SALO_041_ANG_RIG2,41,salomon,ile_anglaise,40,30:00:00,balistapus.undulatus,balistapus,undulatus,1,armstrong
BIOT_7097_EGMT_092_RIG3,92,egmont,ile_carre_pate,30,30:00:00,balistapus.undulatus,balistapus,undulatus,1,armstrong
BIOT_7097_EAGL_080_RIG2,80,eagle_island,eagle_island,20,30:00:00,balistapus.undulatus,balistapus,undulatus ,3,hensch
BIOT_7097_NELS_051_RIG2,51,nelsons_island,east_of_nelsons_island,30,30:00:00,balistapus.undulatus,balistapus,undulatus ,1,hensch
BIOT_7097_SALO_040_BOD_RIG2,40,salomon,ile_boddam,70,25:00:00,balistapus.undulatus,balistapus,undulatus ,1,barone
BIOT_7097_NELS_054_RIG5,54,nelsons_island,east_of_nelsons_island,30,30:00:00,balistapus.undulatus,balistapus,undulatus ,2,barone
BIOT_7097_SALO_043_ANG_RIG4,43,salomon,ile_anglaise,15,35:43:00,balistoides.viridescens,balistoides,viridescens,1,marconi
BIOT_7097_NBRO_067_RIG5,67,brothers,north_brother,20,30:00:00,balistoides.viridescens,balistoides,viridescens,1,marconi
BIOT_7097_EAGL_074_RIG5,74,eagle_island,eagle_island,0,30:00:00,balistoides.viridescens,balistoides,viridescens,0,finch
BIOT_7097_EGMT_087_RIG5,87,egmont,ile_lubine,85,30:00:00,balistoides.viridescens,balistoides,viridescens,1,fischer
BIOT_7097_NBRO_063_RIG4,63,brothers,north_brother,20,30:00:00,balistoides.viridescens,balistoides,viridescens,1,armada
BIOT_7097_SALO_046_MAP_RIG6,46,salomon,ile_de_la_passe_to_ile_mapou,40,30:00:00,balistoides.viridescens,balistoides,viridescens,1,grisson
BIOT_7097_NBRO_069_RIG3,69,brothers,north_brother,5,30:00:00,balistoides.viridescens,balistoides,viridescens,5,grisson
BIOT_7097_EGMT_082_RIG3,82,egmont,ile_des_rats,30,30:00:00,balistoides.viridescens,balistoides,viridescens,1,grisson
BIOT_7097_EGMT_084_RIG5,84,egmont,ile_sudest,15,30:00:00,balistoides.viridescens,balistoides,viridescens,1,zion
BIOT_7097_EGMT_084_RIG5,84,egmont,ile_sudest,15,30:00:00,balistoides.viridescens,balistoides,viridescens,1,zion
BIOT_7097_SALO_050_MAP_RIG2,50,salomon,ile_de_la_passe_to_ile_mapou,26,30:00:00,balistoides.viridescens,balistoides,viridescens,1,nguyen
BIOT_7097_EGMT_004_RIG6,4,egmont,ile_sudest,35,30:00:00,balistoides.viridescens,balistoides,viridescens,1,monroe
BIOT_7097_EAGL_078_RIG4,78,eagle_island,eagle_island,75,30:00:00,balistoides.viridescens,balistoides,viridescens,1,beckman
BIOT_7097_EGMT_094_RIG5,94,egmont,ile_sudest,15,35:26:00,balistoides.viridescens,balistoides,viridescens,1,podolinsky
BIOT_7097_EGMT_086_RIG6,86,egmont,ile_des_rats,90,30:00:00,balistoides.viridescens,balistoides,viridescens ,0,finch
BIOT_7097_EAGL_080_RIG2,80,eagle_island,eagle_island,20,30:00:00,balistoides.viridescens,balistoides,viridescens ,2,hensch
BIOT_7097_PBAN_029_EAST_RIG3,29,peros_banhos,north_of_petite_ile_coquillage,10,30:00:00,balistoides.viridescens,balistoides,viridescens ,1,hensch
BIOT_7097_NBRO_067_RIG5,67,brothers,north_brother,20,30:00:00,lethrinus.xanthochilus,lethrinus,xanthochilus,4,marconi
BIOT_7097_NBRO_062_RIG3,62,brothers,north_brother,8,30:00:00,lethrinus.xanthochilus,lethrinus,xanthochilus,15,portice