OriginalName,UpdatedName,Family,Order,Class,Phylum,Genus,Hemisphere,Latitude,Longitude,DevelopmentalMode,EggSize,PlanktonicTime
Salmacis bicolor,Salmacis bicolor,Temnopleuridae,Temnopleuroida,Echinoidea,Echinodermata,Salmacis,N,13,80,P,100,23
Eunice kobiensis,Eunice kobiensis,Eunicidae,Eunicida,Polychaeta,Annelida,Eunice,N,48.537522,-123,L,310,NA
Eunice valens,Leodice valens,Eunicidae,Eunicida,Polychaeta,Annelida,Leodice,N,48.537522,-123,L,310,NA
Ophryotrocha hartmanni,Ophryotrocha hartmanni,Dorvilleidae,Eunicida,Polychaeta,Annelida,Ophryotrocha,N,36.668419,-4,L,160,NA
Ophryotrocha labronica,Ophryotrocha labronica,Dorvilleidae,Eunicida,Polychaeta,Annelida,Ophryotrocha,N,40.840308,14,L,120,NA
Ophryotrocha bacci,Ophryotrocha baccii,Dorvilleidae,Eunicida,Polychaeta,Annelida,Ophryotrocha,N,61.614681,17,L,250,NA
Ophyotrocha maculata,Ophryotrocha maculata,Dorvilleidae,Eunicida,Polychaeta,Annelida,Ophryotrocha,N,58.403151,12,L,125,NA
Ophryotrocha diadema,Ophryotrocha diadema,Dorvilleidae,Eunicida,Polychaeta,Annelida,Ophryotrocha,N,33,-117,L,190,NA
Macrophiothrix lorioli,Macrophiothrix lorioli,Ophiotricidae,Ophiurida,Ophiuroidea,Echinodermata,Macrophiothrix,S,-14,145,P,166,23
Macrophiothrix belli,Macrophiothrix belli,Ophiotricidae,Ophiurida,Ophiuroidea,Echinodermata,Macrophiothrix,S,-14,145,L,406,3
Macrophiothrix longipeda,Macrophiothrix longipeda,Ophiotricidae,Ophiurida,Ophiuroidea,Echinodermata,Macrophiothrix,S,-14,145,P,155,14
Macrophiothrix rhabdota,Macrophiothrix rhabdota,Ophiotricidae,Ophiurida,Ophiuroidea,Echinodermata,Macrophiothrix,S,-14,145,P,230,6.88
Macrophiothrix nereidina,Macrophiothrix nereidina,Ophiotricidae,Ophiurida,Ophiuroidea,Echinodermata,Macrophiothrix,S,-14,145,L,266,2.95
Macrophiothrix koehleri,Macrophiothrix koehleri,Ophiotricidae,Ophiurida,Ophiuroidea,Echinodermata,Macrophiothrix,S,-14,145,P,147,32
Macrophiothrix caenosa,Macrophiothrix caenosa,Ophiotricidae,Ophiurida,Ophiuroidea,Echinodermata,Macrophiothrix,S,-14,145,L,242,5
Spirobranchus tricornis,Spirobranchus giganteus,Serpulidae,Sabellida,Polychaeta,Annelida,Spirobranchus,N,18,-67,P,83,NA
Diopatra cuprea,Diopatra cuprea,Onuphidae,Eunicida,Polychaeta,Annelida,Diopatra,N,41.524773,-71,P,220,NA
Autolytus fasciatus,Proceraea fasciata,Syllidae,Phyllodocida,Polychaeta,Annelida,Proceraea,N,18,-67,P,100,NA
Elysia stylifera,Elysia stylifera,Plakobranchidae,Sacoglossa,Gastropoda,Mollusca,Elysia,S,-27,153,P,71,NA
Asthenosoma ijimai,Asthenosoma ijimai,Echinothuriidae,Echinothurioida,Echinoidea,Echinodermata,Asthenosoma,N,34,132,L,1200,21
Crepidula plana,Crepidula plana,Calyptraeidae,Mesogastropoda,Gastropoda,Mollusca,Crepidula,N,41,-70,P,136,13
Haploscoloplos fragilis,Leitoscoloplos fragilis,Orbiniidae,,Polychaeta,Annelida,Leitoscoloplos,S,-33,151.159515,L,150,4
Chelidonura varians,Chelidonura varians,Aglajidae,Cephalaspidea,Gastropoda,Mollusca,Chelidonura,S,-14,145,P,55,NA
Chelidonura sandrana,Chelidonura sandrana,Aglajidae,Cephalaspidea,Gastropoda,Mollusca,Chelidonura,S,-14,145,P,45,NA
Chelidonura fulvipunctat,Chelidonura fulvipunctata,Aglajidae,Cephalaspidea,Gastropoda,Mollusca,Chelidonura,S,-14,145,P,60,NA
Chelidonura pallida,Chelidonura pallida,Aglajidae,Cephalaspidea,Gastropoda,Mollusca,Chelidonura,S,-14,145,P,55,NA
Melanochlamys sp.,Melanochlamys,Aglajidae,Cephalaspidea,Gastropoda,Mollusca,Melanochlamys,S,-14,145,P,110,NA
Melanochlamys diomedea,Melanochlamys diomedea,Aglajidae,Cephalaspidea,Gastropoda,Mollusca,Melanochlamys,N,48,-123,P,53,NA
Melanochlamys spp.,Melanochlamys,Aglajidae,Cephalaspidea,Gastropoda,Mollusca,Melanochlamys,S,-14,145,P,105,NA
Navanax inermis,Navanax inermis,Aglajidae,Cephalaspidea,Gastropoda,Mollusca,Navanax,N,25,-111,P,100,NA
Philinopsis cyanea,Philinopsis speciosa,Aglajidae,Cephalaspidea,Gastropoda,Mollusca,Philinopsis,S,-14,145,P,140,NA
Philinopsis gardineri,Philinopsis gardineri,Aglajidae,Cephalaspidea,Gastropoda,Mollusca,Philinopsis,S,-14,145,P,95,NA
Philinopsis lineolata,Philinopsis lineolata,Aglajidae,Cephalaspidea,Gastropoda,Mollusca,Philinopsis,S,-14,145,P,65.25,NA
Philinopsis pilsbryi,Philinopsis pilsbryi,Aglajidae,Cephalaspidea,Gastropoda,Mollusca,Philinopsis,S,-14,145,P,70,NA
Philinopsis reticulata,Philinopsis reticulata,Aglajidae,Cephalaspidea,Gastropoda,Mollusca,Philinopsis,S,-14,145,P,70,NA
Siphopteron pohnpei,Sagaminopteron pohnpei,Gastropteridae,Cephalaspidea,Gastropoda,Mollusca,Sagaminopteron,S,-14,145,P,71,NA
Siphopteron sp.,Siphopteron,Gastropteridae,Cephalaspidea,Gastropoda,Mollusca,Siphopteron,S,-14,145,P,120,NA
Siphopteron quadrispinos,Siphopteron quadrispinosum,Gastropteridae,Cephalaspidea,Gastropoda,Mollusca,Siphopteron,S,-14,145,P,76,NA
Echinaster echinophorus,Echinaster echinophorus,Echinasteridae,Spinulodisa,Asteroidea,Echinodermata,Echinaster,N,30,-83,L,860,6
Echinaster echinophorus,Echinaster echinophorus,Echinasteridae,Spinulodisa,Asteroidea,Echinodermata,Echinaster,N,30,-83,L,860,6
Astreopora myriophthalma,Astreopora myriophthalma,Acroporidae,Scleractinia,Anthozoa,Cnidaria,Astreopora,S,-18,146,L,538,NA
Favites halicora,Favites halicora,Faviidae,Scleractinia,Anthozoa,Cnidaria,Favites,S,-18,146,L,401,NA
Goniastrea retiformis,Goniastrea retiformis,Faviidae,Scleractinia,Anthozoa,Cnidaria,Goniastrea,S,-18,146,L,371,NA
Montipora digitata,Montipora digitata,Acroporidae,Scleractinia,Anthozoa,Cnidaria,Montipora,S,-18,146,L,337,NA
Pachyseris speciosa,Pachyseris speciosa,Agariciidae,Scleractinia,Anthozoa,Cnidaria,Pachyseris,S,-18,146,L,368,NA
Sabella (Demonax) media,Parasabella media,Sabellidae,Sabellida,Polychaeta,Annelida,Parasabella,N,48.537522,-123,L,200,NA
Coscinasterias calamaria,Coscinasterias calamaria,Asteriidae,Forcipulatida,Asteroidea,Echinodermata,Coscinasterias,S,-36,174,P,150,27
Stichaster australis,Stichaster australis,Asteriidae,Forcipulatida,Asteroidea,Echinodermata,Stichaster,S,-40,174,P,130,38
Brisinga endecacnemos,Brisinga endecacnemos,Brisingidae,Forcipulatida,Asteroidea,Echinodermata,Brisinga,N,57,-10,L,1250,NA
Brisingella coronata,Hymenodiscus coronata,Brisingidae,Forcipulatida,Asteroidea,Echinodermata,Hymenodiscus,N,51,-13,L,1250,NA
Holothuria fuscogilva,Holothuria (Microthele) fuscogilva,Holothuriidae,Aspidochirotida,Holothuroid,Echinodermata,Holothuria,S,-9,159,P,151.7,NA
Spirorbis granulatus,Bushiella (Jugaria) granulata,Spirorbidae,Sabellida,Polychaeta,Annelida,Bushiella,N,59.509242,10,L,140,NA
Branchiomma nigromaculat,Branchiomma nigromaculatum,Sabellidae,Sabellida,Polychaeta,Annelida,Branchiomma,N,21,-157,L,135,NA
Fabricia sabella,Fabricia stellaris,Sabellidae,Sabellida,Polychaeta,Annelida,Fabricia,N,55.801281,12,L,210,NA
Strongylocentrotus purpu,Strongylocentrotus purpuratus,Strongylocentro,Echinoida,Echinoidea,Echinodermata,Strongylocentrotus,N,49,-125,P,82,51
Flabelligera pennigera,Flabelligera pennigera,Flabelligeridae,Terebellida,Polychaeta,Annelida,Flabelligera,S,-49,69.647827,L,600,NA
Platynereis magalhaensis,Platynereis magalhaensis,Nereidae,Phyllodocida,Polychaeta,Annelida,Platynereis,S,-49,69.647827,L,450,NA
Melibe leonina,Melibe leonina,Tethydidae,Nudibranchia,Gastropoda,Mollusca,Melibe,N,49,-125,P,90,38
Mediaster aequalis,Mediaster aequalis,Goniasteridae,Valvatida,Asteroidea,Echinodermata,Mediaster,N,50,-122,L,1100,33
Bembicium nanum,Bembicium nanum,Littorinidae,,Gastropoda,Mollusca,Bembicium,S,-33,152,P,100,NA
Bembicium melanostoma,Bembicium melanostoma,Littorinidae,,Gastropoda,Mollusca,Bembicium,S,-34,138,L,200,NA
Pseudopolydora paucibran,Pseudopolydora paucibranchiata,Spionidae,Spionida,Polychaeta,Annelida,Pseudopolydora,N,38.24627,-123,P,100,NA
Pseudopolydora kempi,Pseudopolydora kempi,Spionidae,Spionida,Polychaeta,Annelida,Pseudopolydora,N,38.24627,-123,L,165,2
Polydora concharum,Dipolydora concharum,Spionidae,Spionida,Polychaeta,Annelida,Dipolydora,N,43.691708,-70,P,220,NA
Polydora quarilobata,Dipolydora quadrilobata,Spionidae,Spionida,Polychaeta,Annelida,Dipolydora,N,43.691708,-70,P,190,NA
Polydora websteri,Polydora websteri,Spionidae,Spionida,Polychaeta,Annelida,Polydora,N,43.691708,-70,P,140,NA
Polydora aggregata,Polydora aggregata,Spionidae,Spionida,Polychaeta,Annelida,Polydora,N,43.691708,-70,P,120,NA
Chrysopetalum bellis,Chrysopetalum,Chrysopetalidae,Phyllodocida,Polychaeta,Annelida,Chrysopetalum,N,38.24627,-123,P,70,NA
Gyptis brunnea,Gyptis brunnea,Hesionidae,Phyllodocida,Polychaeta,Annelida,Gyptis,N,38.24627,-123,L,100,NA
Halosydna brevisetosa,Halosydna brevisetosa,Polynoidae,Phyllodocida,Polychaeta,Annelida,Halosydna,N,38.24627,-123,P,110,NA
Northria elegans,Onuphis elegans,Onuphidae,Eunicida,Polychaeta,Annelida,Onuphis,N,38.24627,-123,L,230,NA
Anaitides williamsi,Phyllodoce williamsi,Phyllodocidae,Phyllodocida,Polychaeta,Annelida,Phyllodoce,N,38.24627,-123,P,88,NA
Leitoscoloplos pugettens,Leitoscoloplos pugettensis,Orbiniidae,,Polychaeta,Annelida,Leitoscoloplos,N,38.24627,-123,L,200,NA
Scoloplos acmeceps,Scoloplos acmeceps,Orbiniidae,,Polychaeta,Annelida,Scoloplos,N,38.24627,-123,L,200,NA
Aurospiro dibranchiata,Aurospio dibranchiata,Spionidae,Spionida,Polychaeta,Annelida,Aurospio,N,34.558597,-76,P,85,NA
Pholoe anoculata,Pholoe anoculata,Sigalionidae,Phyllodocida,Polychaeta,Annelida,Pholoe,N,55.372868,-1,L,190,NA
Marenzelleria viridis,Marenzelleria viridis,Spionidae,Spionida,Polychaeta,Annelida,Marenzelleria,N,54,12,P,175,12
Dasybranchus caducus,Dasybranchus caducus,Capitellidae,,Polychaeta,Annelida,Dasybranchus,N,25,-79,L,95,NA
Axiothella mucosa,Clymenella mucosa,Maldanidae,,Polychaeta,Annelida,Clymenella,N,34.716835,-76,L,255,NA
Crepidula fornicata,Crepidula fornicata,Calyptraeidae,Neotaenioglossa,Gastropoda,Mollusca,Crepidula,N,48,-3,P,170,NA
Parvulastra parvivipara,Parvulastra parvivipara,Asterinidae,Valvatida,Asteroidea,Echinodermata,Parvulastra,S,-34,135,L,135,NA
Parvulastra vivipara,Parvulastra vivipara,Asterinidae,Valvatida,Asteroidea,Echinodermata,Parvulastra,S,-42,147,L,148,NA
Lumbrinereis japonica,Lumbrineris japonica,Lumbrinereidae,Eunicida,Polychaeta,Annelida,Lumbrineris,N,42.650374,131,L,310,NA
Sabellastarte spectabili,Sabellastarte spectabilis,Sabellidae,Sabellida,Polychaeta,Annelida,Sabellastarte,N,21,-157,L,175,6.67
Cryptasterina pentagona,Cryptasterina pentagona,Asterinidae,Spinulosida,Asteroidea,Echinodermata,Cryptasterina,S,-19,146,L,413,6
Aplysia californica,Aplysia californica,Anaspidea,Anaspidea,Gastropoda,Mollusca,Aplysia,N,33,-118,P,85,35
Hydroides elegans,Hydroides elegans,Serpulidae,Sabellida,Polychaeta,Annelida,Hydroides,N,21,-157,P,45,4.5
Hyalinoecia araucana,Hyalinoecia araucana,Onuphidae,Eunicida,Polychaeta,Annelida,Hyalinoecia,S,-37,-73,L,300,NA
Asterina stellifera,Asterina stellifera,Asterinidae,Valvatida,Asteroidea,Echinodermata,Asterina,S,-22,-42,P,90,NA
Glycera convoluta,Glycera tridactyla,Glyceridae,Phyllodocida,Polychaeta,Annelida,Glycera,N,44.667066,-1,P,130,NA
Glycera tridactyla,Glycera tridactyla,Glyceridae,Phyllodocida,Polychaeta,Annelida,Glycera,N,44.667066,-1,P,140,NA
Nereis irrorata,Neanthes nubila,Nereidae,Phyllodocida,Polychaeta,Annelida,Neanthes,N,44.667066,-1,P,210,NA
Parapionosyllis gestans,Parapionosyllis gestans,Syllidae,Phyllodocida,Polychaeta,Annelida,Parapionosyllis,N,44.667066,-1,L,170,NA
Pholoe synophtalmica,Pholoe inornata,Sigalionidae,Phyllodocida,Polychaeta,Annelida,Pholoe,N,44.667066,-1,P,78,NA
Syllis variegata,Syllis variegata,Syllidae,Phyllodocida,Polychaeta,Annelida,Syllis,N,44.666577,-1,P,75,NA
Lumbrinereis impatiens,Scoletoma impatiens,Lumbrineridae,Eunicida,Polychaeta,Annelida,Scoletoma,N,44.666577,-1,L,220,NA
Nicolea zostericola,Nicolea zostericola,Terebellidae,Terebellida,Polychaeta,Annelida,Nicolea,N,42.42371,-71,L,250,NA
Lagisca extenuata,Harmothoe extenuata,Polynoidae,Phyllodocida,Polychaeta,Annelida,Harmothoe,N,44.666577,-1,P,95,NA
Clymenura clypeata,Leiochone leiopygos,Maldanidae,,Polychaeta,Annelida,Leiochone,N,44.666577,-1,L,250,NA
Lumbrinereis tetraura,Lumbrineris tetraura,Lumbrineridae,Eunicida,Polychaeta,Annelida,Lumbrineris,N,44.666577,-1,L,225,NA
Grybeoyllis limbata,Salvatoria limbata,Syllidae,Phyllodocida,Polychaeta,Annelida,Salvatoria,N,44.666577,-1,L,85,NA
Sphaerosyllis bulbosa,Sphaerosyllis bulbosa,Syllidae,Phyllodocida,Polychaeta,Annelida,Sphaerosyllis,N,44.666577,-1,L,90,NA
Ditrupa arietina,Ditrupa arietina,Serpulidae,Sabellida,Polychaeta,Annelida,Ditrupa,N,42,3,P,75,NA
Rostanga pulchra,Rostanga pulchra,Rostangidae,Nudibranchia,Gastropoda,Mollusca,Rostanga,N,48,-123,P,73,35
Limapontia depressa,Limapontia depressa,Limapontiidae,Sacoglossa,Gastropoda,Mollusca,Limapontia,N,55,-1,P,80,NA
Limapontia capitata,Limapontia capitata,Limapontiidae,Sacoglossa,Gastropoda,Mollusca,Limapontia,N,55,-1,P,82,NA
Limapontia senestra as c,Limapontia senestra,Limapontiidae,Sacoglossa,Gastropoda,Mollusca,Limapontia,N,55,-1,L,200,NA
Diopatra neopolitana,Diopatra neapolitana,Onuphidae,Eunicida,Polychaeta,Annelida,Diopatra,N,34.770948,137,L,200,NA
Sphaerodoris gracilis,Sphaerodorum gracilis,Sphaerodoridae,Phyllodocida,Polychaeta,Annelida,Sphaerodorum,N,55.372868,-1,L,225,NA
Trichobranchus glacialis,Trichobranchus glacialis,Terebellidae,Terebellida,Polychaeta,Annelida,Trichobranchus,N,55.372868,-1,L,175,NA
Ophiarachnella gorgonia,Ophiarachnella gorgonia,Ophiodermatidae,Ophiurida,Ophiuroidea,Echinodermata,Ophiarachnella,S,-14,145,L,320,2.5
Caliphylla mediteranea,Caliphylla mediterranea,Polybranchiidae,Sacoglossa,Gastropoda,Mollusca,Caliphylla,N,24,-81,P,89.2,NA
Ercolania funerea,Ercolania viridis,Limapontiidae,Sacoglossa,Gastropoda,Mollusca,Ercolania,N,24,-81,P,59.5,NA
Lobiger souverbii,Lobiger souverbii,Oxynoidae,Sacoglossa,Gastropoda,Mollusca,Lobiger,N,24,-81,P,54.6,NA
Oxynoe antillarum,Oxynoe antillarum,Oxynoidae,Sacoglossa,Gastropoda,Mollusca,Oxynoe,N,24,-81,P,62.5,NA
Berthelinia caribbea,Berthelinia caribbea,Juliidae,Sacoglossa,Gastropoda,Mollusca,Berthelinia,N,24,-81,L,100,NA
Bosellia mimetica,Bosellia mimetica,Boselliidae,Sacoglossa,Gastropoda,Mollusca,Bosellia,N,24,-81,P,59,NA
Costasiella nonatoi,Costasiella nonatoi,Limapontiidae,Sacoglossa,Gastropoda,Mollusca,Costasiella,N,32,-65,P,69,NA
Cyerce antillensis,Cyerce antillensis,Polybranchiidae,Sacoglossa,Gastropoda,Mollusca,Cyerce,N,24,-81,L,112,NA
Elysia timida,Elysia timida,Plakobranchidae,Sacoglossa,Gastropoda,Mollusca,Elysia,N,32,35,L,120,NA
Elysia serca,Elysia serca,Plakobranchidae,Sacoglossa,Gastropoda,Mollusca,Elysia,N,24,-81,P,61,NA
Elysia evelinae,Elysia evelinae,Plakobranchidae,Sacoglossa,Gastropoda,Mollusca,Elysia,N,24,-81,L,104,NA
Ercolania fuscata,Ercolania fuscata,Limapontiidae,Sacoglossa,Gastropoda,Mollusca,Ercolania,N,24,-81,P,60,NA
Ercolania caerula,Ercolania coerulea,Limapontiidae,Sacoglossa,Gastropoda,Mollusca,Ercolania,N,24,-81,P,70,NA
Hermaea cruciata,Hermaea cruciata,Hermaeidae,Sacoglossa,Gastropoda,Mollusca,Hermaea,N,24,-81,P,77,NA
Mourgona murca as germai,Mourgona murca,Polybranchiidae,Sacoglossa,Gastropoda,Mollusca,Mourgona,N,24,-81,P,62,NA
Placida kingstoni,Placida kingstoni,Limapontiidae,Sacoglossa,Gastropoda,Mollusca,Placida,N,24,-81,P,60,NA
Volvatella bermudae,Volvatella bermudae,Volvatellidae,Sacoglossa,Gastropoda,Mollusca,Volvatella,N,32,-65,P,66,NA
Aeolidia papillosa,Aeolidia papillosa,Aeolidiidae,Nudibranchia,Gastropoda,Mollusca,Aeolidia,N,41,-71,P,82.3,NA
Ancula gibbosa,Ancula gibbosa,Goniodorididae,Nudibranchia,Gastropoda,Mollusca,Ancula,N,41,-71,P,74,NA
Catriona aurantia,Catriona aurantia,Tergipedidae,Nudibranchia,Gastropoda,Mollusca,Catriona,N,41,-71,L,149.1,NA
Cratena pilata,Cratena pilata,Glaucidae,Nudibranchia,Gastropoda,Mollusca,Cratena,N,41,-71,P,74.8,NA
Dendronotus frondosus,Dendronotus frondosus,Dendronotidae,Nudibranchia,Gastropoda,Mollusca,Dendronotus,N,41,-71,P,113.4,NA
Doris verrucosa,Doris verrucosa,Dorididae,Nudibranchia,Gastropoda,Mollusca,Doris,N,41,-71,P,93.7,NA
Doto coronata,Doto coronata,Dotidae,Nudibranchia,Gastropoda,Mollusca,Doto,N,41,-71,P,89.5,NA
Stiliger fuscatus,Ercolania fuscata,Limapontiidae,Nudibranchia,Gastropoda,Mollusca,Ercolania,N,41,-71,P,64.5,NA
Eubranchus exiguus,Eubranchus exiguus,Eubranchidae,Nudibranchia,Gastropoda,Mollusca,Eubranchus,N,41,-71,P,80,NA
Polycera dubia,Palio dubia,Polyceridae,Nudibranchia,Gastropoda,Mollusca,Palio,N,41,-71,P,76.4,NA
Herrnaea dendritica,Placida dendritica,,Nudibranchia,Gastropoda,Mollusca,Placida,N,41,-71,P,72,NA
Polycerella emertoni,Polycerella emertoni,Polyceridae,Nudibranchia,Gastropoda,Mollusca,Polycerella,N,41,-71,P,57.8,NA
Tenellia fuscata,Tenellia fuscata,Tergipedidae,Nudibranchia,Gastropoda,Mollusca,Tenellia,N,41,-71,L,183.5,NA
Tergipes tergipes,Tergipes tergipes,Tergipedidae,Nudibranchia,Gastropoda,Mollusca,Tergipes,N,41,-71,P,79.4,NA
Crepidula nivea,Crepidula nivea,Calyptraeidae,Mesogastropoda,Gastropoda,Mollusca,Crepidula,N,33,-118,P,135,NA
Odostomia columbiana,Odostomia columbiana,Odostomiidae,Stylommatophora,Gastropoda,Mollusca,Odostomia,N,48,-123,P,74,70
Crepidula lingulata,Crepipatella lingulata,Calyptraeidae,Mesogastropoda,Gastropoda,Mollusca,Crepipatella,N,34,-119,P,150,38
Calyptraea mamillaris,Calyptraea mamillaris,Calyptraeidae,Caenogastropoda,Gastropoda,Mollusca,Calyptraea,N,8,-82,P,200,NA
Calyptraea pellucida,Calyptraea pellucida,Calyptraeidae,Caenogastropoda,Gastropoda,Mollusca,Calyptraea,N,25,38,P,120,NA
Crepidula naticarum,Crepidula naticarum,Calyptraeidae,Mesogastropoda,Gastropoda,Mollusca,Crepidula,N,34,-119,P,164,NA
Crepidula incurva,Crepidula incurva,Calyptraeidae,Mesogastropoda,Gastropoda,Mollusca,Crepidula,N,8,-80,P,150,17
Crepidula costata,Crepidula costata,Calyptraeidae,Mesogastropoda,Gastropoda,Mollusca,Crepidula,S,-36,174,P,256,NA
Crepidula lessoni,Crepidula lessoni,Calyptraeidae,Mesogastropoda,Gastropoda,Mollusca,Crepidula,N,8,-80,P,213,17
Crepidula onyx,Crepidula onyx,Calyptraeidae,Mesogastropoda,Gastropoda,Mollusca,Crepidula,N,33,-118,P,172,23
Crepidula marginalis,Crepidula marginalis,Calyptraeidae,Mesogastropoda,Gastropoda,Mollusca,Crepidula,N,9,-80,P,151,19.5
Crucibulum spinosum,Crucibulum spinosum,Calyptraeidae,Mesogastropoda,Gastropoda,Mollusca,Crucibulum,N,8,-80,P,NA,NA
Crucibulum radiatum,Crucibulum,Calyptraeidae,Mesogastropoda,Gastropoda,Mollusca,Crucibulum,N,8,-80,P,169,22
Calyptraea extinctorum,Desmaulus extinctorium,Calyptraeidae,Caenogastropoda,Gastropoda,Mollusca,Desmaulus,N,22,114,P,208,NA
Obelia commissuralis,Obelia dichotoma,Campanulariidae,Leptothecata,Hydrozoa,Cnidaria,Obelia,N,41,-70,P,130,NA
Obelia geniculata,Obelia geniculata,Campanulariidae,Leptothecata,Hydrozoa,Cnidaria,Obelia,N,41,-70,P,130,NA
Siphonaira virgulata,Siphonaria virgulata,Siphonariidae,,Gastropoda,Mollusca,Siphonaria,S,-33,151,P,100,NA
Siphonaria denticulata,Siphonaria denticulata,Siphonariidae,,Gastropoda,Mollusca,Siphonaria,S,-33,151,P,100,NA
Pomatoleios kraussii,Spirobranchus kraussii,Serpulidae,Sabellida,Polychaeta,Annelida,Spirobranchus,N,29,48,P,63,NA
Antionella sarsi,Bylgides sarsi,Polynoidae,Phyllodocida,Polychaeta,Annelida,Bylgides,N,69.162558,-53,P,150,NA
Antionella sarsi,Bylgides sarsi,Polynoidae,Phyllodocida,Polychaeta,Annelida,Bylgides,N,69.162558,-53,P,150,NA
Pectinaria hyperborea,Cistenides hyperborea,Pectinariidae,Terebellida,Polychaeta,Annelida,Cistenides,N,69.162558,-53,P,60,NA
Polydora caulleryi,Dipolydora caulleryi,Spionidae,Spionida,Polychaeta,Annelida,Dipolydora,N,69.162558,-53,P,120,NA
Eteone flava,Eteone flava,Phyllodocidae,Phyllodocida,Polychaeta,Annelida,Eteone,N,69.162558,-53,P,120,NA
Gattyana cirrhosa,Gattyana cirrhosa,Polynoidae,Phyllodocida,Polychaeta,Annelida,Gattyana,N,69.162558,-53,P,105,NA
Ophelia limacina,Ophelia limacina,Opheliidae,,Polychaeta,Annelida,Ophelia,N,69.162558,-53,L,120,NA
Cerithium auricoma,Cerithium guinaicum,Cerithiidae,Caenogastropoda,Gastropoda,Mollusca,Cerithium,N,25,-80,P,90,NA
Cerithium litteratum,Cerithium litteratum,Cerithiidae,Caenogastropoda,Gastropoda,Mollusca,Cerithium,N,24,-81,P,100,NA
Strombus gallus,Lobatus gallus,Strombidae,Littorinimorpha,Gastropoda,Mollusca,Lobatus,N,25,-79,P,170,NA
Nereis diversicolor,Hediste diversicolor,Nereidae,Phyllodocida,Polychaeta,Annelida,Hediste,N,51,1,L,220,NA
Autolytus prolifer,Myrianida prolifera,Syllidae,Phyllodocida,Polychaeta,Annelida,Myrianida,N,51,1,L,100,NA
Euzonus mucronatus,Thoracophelia mucronata,Opheliidae,,Polychaeta,Annelida,Thoracophelia,N,32.872955,-117,P,65,NA
Amphibalanus amphitrite,Amphibalanus amphitrite,Balanidae,Sessilia,Maxillopoda,Arthropoda,Amphibalanus,N,13,80,P,NA,8
Strombus raninus,Lobatus raninus,Strombidae,Mesogastropoda,Gastropoda,Mollusca,Lobatus,N,24,-76,P,140,NA
Strombus gigas,Lobatus gigas,Strombidae,Mesogastropoda,Gastropoda,Mollusca,Lobatus,N,24,-76,P,225,NA
Strombus costatus,Lobatus costatus,Strombidae,Mesogastropoda,Gastropoda,Mollusca,Lobatus,N,24,-76,P,262,NA
Polydora giardi,Dipolydora giardi,Spionidae,Spionida,Polychaeta,Annelida,Dipolydora,N,38.250853,-123,P,80,25
Scolecolepis fuliginosa,Scolelepis fulginosa,,Phyllodocida,Polychaeta,Annelida,Scolelepis,N,50,-4,P,130,34
Myxicola infundibulum,Myxicola infundibulum,Sabellidae,Sabellida,Polychaeta,Annelida,Myxicola,N,44.777936,-67,L,137,6.5
Aplysiopsis zebra,Aplysiopsis formosa,Hermaeidae,Sacoglossa,Gastropoda,Mollusca,Aplysiopsis,N,27,-80,P,71,NA
Oxynoe azuropunctata,Oxynoe azuropunctata,Oxynoidae,Sacoglossa,Gastropoda,Mollusca,Oxynoe,N,24,-81,L,113,NA
Cadlina luteomarginata,Cadlina luteomarginata,Chromodorididae,Nudibranchia,Gastropoda,Mollusca,Cadlina,N,49,-123,P,95,NA
Evechinus chloroticus,Evechinus chloroticus,Echinometridae,Echinoida,Echinoidea,Echinodermata,Evechinus,S,-42,174,P,NA,31.3
Ficopomatus enigmaticus,Ficopomatus enigmaticus,Serpulidae,Sabellida,Polychaeta,Annelida,Ficopomatus,N,51,1,P,40,NA
Chitinopoma serrula,Chitinopoma serrula,Serpulidae,Sabellida,Polychaeta,Annelida,Chitinopoma,N,69.648491,19,L,180,NA
Boccardia polybranchia,Boccardia polybranchia,Spionidae,Spionida,Polychaeta,Annelida,Boccardia,S,-49,69.647827,L,75,NA
Sabellaria floridensis,Sabellaria floridensis,Sabellariidae,Terebellida,Polychaeta,Annelida,Sabellaria,N,30,-84,P,83,NA
Encope michelini,Encope michelini,Mellitidae,Clypeasteroida,Echinoidea,Echinodermata,Encope,N,24,-80,P,175,14
Austromegabalanus nigres,Austromegabalanus nigrescens,Balanidae,Sessilia,Maxillopoda,Arthropoda,Austromegabalanus,S,-34,151,P,NA,18
Austrobalanus imperator,Austrobalanus imperator,Austrobalanidae,Sessilia,Maxillopoda,Arthropoda,Austrobalanus,S,-34,151,P,NA,NA
Tesseropora rosea,Tesseropora rosea,Tetraclitidae,Sessilia,Maxillopoda,Arthropoda,Tesseropora,S,-34,151,P,NA,NA
Tetraclitella purpurasce,Tetraclitella purpurascens,Tetraclitidae,Sessilia,Maxillopoda,Arthropoda,Tetraclitella,S,-34,151,P,NA,NA
Diopatra ornata,Diopatra ornata,Onuphidae,Eunicida,Polychaeta,Annelida,Diopatra,N,33,-117,L,230,NA
Heliocidaris tuberculata,Heliocidaris tuberculata,Echinometridae,Camarodonta,Echinoidea,Echinodermata,Heliocidaris,S,-33,151,P,93.6,30
Clypeaster subdepressus,Clypeaster subdepressus,Clypeasteridae,Clypeasteroida,Echinoidea,Echinodermata,Clypeaster,N,10,-79,P,165,16
Clypeaster rosaceus,Clypeaster rosaceus,Clypeasteridae,Clypeasteroida,Echinoidea,Echinodermata,Clypeaster,N,24,-80,P,270,7
Echinometra lucunter,Echinometra lucunter,Echinometridae,Echinoida,Echinoidea,Echinodermata,Echinometra,N,10,-80,P,82,23
Echinometra vanbrunti,Echinometra vanbrunti,Echinometridae,Echinoida,Echinoidea,Echinodermata,Echinometra,N,10,-80,P,70,18
Nicon aestuariensis,Nicon aestuariensis,Nereidae,Phyllodocida,Polychaeta,Annelida,Nicon,S,-43,172.738037,L,150,NA
Arenicola ecaudata,Arenicolides ecaudata,Arenicolidae,,Polychaeta,Annelida,Arenicolides,N,50.356085,-4,L,140,NA
Diopatra marocensis,Diopatra marocensis,Onuphidae,Eunicida,Polychaeta,Annelida,Diopatra,N,31.546942,-10,L,600,NA
Asterias lincki,Urasterias lincki,Asteriidae,Forcipulatida,Asteroidea,Echinodermata,Urasterias,N,70,19,L,600,NA
Ophionereis fasciata,Ophionereis fasciata,Ophionereididae,Ophiurida,Ophiuroidea,Echinodermata,Ophionereis,S,-36,174,P,99,NA
Bulla gouldiana,Bulla gouldiana,Bullidae,Cephalaspidea,Gastropoda,Mollusca,Bulla,N,31,-116,P,NA,NA
Arenicola marina,Arenicola marina,Arenicolidae,,Polychaeta,Annelida,Arenicola,N,53.120405,5,L,130,NA
Kingberonuphis pulchra,Kinbergonuphis pulchra,Onuphidae,Eunicida,Polychaeta,Annelida,Kinbergonuphis,N,17,-88,L,330,NA
Lumbrinereis luti,Lumbrineris luti,Lumbrinereidae,Eunicida,Polychaeta,Annelida,Lumbrineris,N,38,-122,L,100,NA
Magellona sacculata,Magelona sacculata,Magelonidae,Spionida,Polychaeta,Annelida,Magelona,N,38,-122,P,130,NA
Mediomastus californiens,Mediomastus californiensis,Capitellidae,,Polychaeta,Annelida,Mediomastus,N,38,-122,L,80,NA
Mooreonuphis jonesi,Mooreonuphis jonesi,Onuphidae,Eunicida,Polychaeta,Annelida,Mooreonuphis,N,32.324276,-64,L,168,NA
Prionospio pigmea,Prionospio pygmaeus,Spionidae,Spionida,Polychaeta,Annelida,Prionospio,N,38,-122,P,60,NA
Prionospio cirrifera,Prionospio cirrifera,Spionidae,Spionida,Polychaeta,Annelida,Prionospio,N,38,-122,P,30,NA
Tridacna squamosa,Tridacna squamosa,Tridacnidae,Veneroida,Bivalvia,Mollusca,Tridacna,N,6,147,P,140,11
Ophiomastix venosa,Ophiomastix venosa,Ophiocomidae,Ophiurida,Ophiuroidea,Echinodermata,Ophiomastix,S,-23,43,L,525,NA
Acteocina canaliculata,Acteocina canaliculata,Cylichnidae,Cephalaspidea,Gastropoda,Mollusca,Acteocina,N,41,-72,P,91.5,6.5
Tornatina canaliculata,Acteocina canaliculata,Cylichnidae,Cephalaspidea,Gastropoda,Mollusca,Acteocina,N,41,-71,P,91.5,NA
Pisaster brevispinus,Pisaster brevispinus,Asteriidae,Forcipulata,Asteroidea,Echinodermata,Pisaster,N,50,-123,P,165,NA
Ophiocten hastatum,Ophiocten hastatum,Ophiurudae,Ophiurida,Ophiuroidea,Echinodermata,Ophiocten,N,54,-12,P,140,NA
Crepidula fecunda,Crepipatella peruviana,Calyptraeidae,Mesogastropoda,Gastropoda,Mollusca,Crepipatella,S,-41,-72,P,212,NA
Asterias rubens,Asterias rubens,Asteriidae,Forcipulatida,Asteroidea,Echinodermata,Asterias,N,55,-4,P,175,52.5
Crossaster papposus,Crossaster papposus,Solasteridae,Spinulodisa,Asteroidea,Echinodermata,Crossaster,N,55,-4,L,800,19
Porania pulvillus,Porania (Porania) pulvillus,Poraniidae,Spinulodisa,Asteroidea,Echinodermata,Porania,N,55,-4,P,200,NA
Scolecolepides viridis,Marenzelleria viridis,Spionidae,Spionida,Polychaeta,Annelida,Marenzelleria,N,44.962855,-64,L,230,NA
Arbacia lixula,Arbacia lixula,Arbaciidae,Arbacioida,Echinoidea,Echinodermata,Arbacia,N,43,7,P,72.9,26
Naineis laevigata,Naineris laevigata,Orbiniidae,,Polychaeta,Annelida,Naineris,N,40.417678,18,L,240,NA
Tharyx marioni,Aphelochaeta marioni,Cirratulidae,Spionida,Polychaeta,Annelida,Aphelochaeta,N,51,1,L,190,NA
Haminoea vesicula,Haminoea vesicula,Atyidae,Cephalaspidea,Gastropoda,Mollusca,Haminoea,N,49,-125,P,90,32
Dodecaceria concharum,Dodecaceria concharum,Cirratulidae,Spionida,Polychaeta,Annelida,Dodecaceria,N,55.025857,-1,L,100,NA
Anasterias minuta,Anasterias antarctica,Asteriidae,Forcipulatida,Asteroidea,Echinodermata,Anasterias,S,-45,-67,L,1810,NA
Ceratonereis limnetica,Simplisetia limnetica,Nereidae,Phyllodocida,Polychaeta,Annelida,Simplisetia,S,-33,150.886767,L,220,NA
Berthella californica,Berthella californica,Pleurobranchiid,Notaspidea,Gastropoda,Mollusca,Berthella,N,43,-124,P,92.6,NA
Diaphana californica,Diaphana californica,Cephalaspidea,Cephalaspidea,Gastropoda,Mollusca,Diaphana,N,43,-124,P,73,NA
Aldisa sanguinea,Aldisa sanguinea,Dorididae,Nudibranchia,Gastropoda,Mollusca,Aldisa,N,43,-124,P,90.7,NA
Cadlina marginata,Cadlina luteomarginata,Chromodorididae,Nudibranchia,Gastropoda,Mollusca,Cadlina,N,43,-124,P,94,NA
Catriona columbiana,Catriona columbiana,Tergipedidae,Nudibranchia,Gastropoda,Mollusca,Catriona,N,43,-124,P,100,NA
Cuthona fulgens,Cuthona fulgens,Tergipedidae,Nudibranchia,Gastropoda,Mollusca,Cuthona,N,43,-124,P,94.3,NA
Cuthona divae,Cuthona divae,Tergipedidae,Nudibranchia,Gastropoda,Mollusca,Cuthona,N,43,-124,P,107.1,NA
Cuthona abronia,Cuthona abronia,Tergipedidae,Nudibranchia,Gastropoda,Mollusca,Cuthona,N,43,-124,P,94.8,NA
Cuthona cocoachroma,Cuthonella cocoachroma,Tergipedidae,Nudibranchia,Gastropoda,Mollusca,Cuthonella,N,43,-124,P,95.4,NA
Cuthona lagunae,Diaphoreolis lagunae,Tergipedidae,Nudibranchia,Gastropoda,Mollusca,Diaphoreolis,N,43,-124,P,102.3,NA
Discodoris sandiegensis,Diaulula sandiegensis,Discodorididae,Nudibranchia,Gastropoda,Mollusca,Diaulula,N,43,-124,P,83,NA
Archidoris odhneri,Doris odhneri,Dorididae,Nudibranchia,Gastropoda,Mollusca,Doris,N,43,-124,P,96.1,NA
Discodoris heathi,Geitodoris heathi,Discodorididae,Nudibranchia,Gastropoda,Mollusca,Geitodoris,N,43,-124,P,78.8,NA
Cuthona albocrusta,Trinchesia albocrusta,Tergipedidae,Nudibranchia,Gastropoda,Mollusca,Trinchesia,N,43,-124,P,97.2,NA
Cumanotus beaumonti,Cumanotus beaumonti,Cumanotidae,Nudibranchia,Gastropoda,Mollusca,Cumanotus,N,43,-124,P,73,NA
Eubranchus olivaceus,Eubranchus olivaceus,Eubranchidae,Nudibranchia,Gastropoda,Mollusca,Eubranchus,N,43,-124,P,85,NA
Flabellina trilineata,Orienthella trilineata,Flabellinidae,Nudibranchia,Gastropoda,Mollusca,Orienthella,N,43,-124,P,65,NA
Aplysiopsis enteromorpha,Aplysiopsis enteromorphae,Hermaeidae,Sacoglossa,Gastropoda,Mollusca,Aplysiopsis,N,34,-120,P,68,NA
Elysia hedgpethi,Elysia hedgpethi,Plakobranchidae,Sacoglossa,Gastropoda,Mollusca,Elysia,N,34,-120,P,68,NA
Placida dendritica,Placida dendritica,Limapontiidae,Sacoglossa,Gastropoda,Mollusca,Placida,N,34,-120,P,57,NA
Philine auriformis,Philine auriformis,Philinidae,cephalaspidea,Gastropoda,Mollusca,Philine,N,37,-122,P,79.5,NA
Ophiopsammus maculata,Ophiopsammus maculata,Ophiodermatidae,Ophiurida,Ophiuroidea,Echinodermata,Ophiopsammus,S,-47,167,L,600,NA
Pycnopodia helianthoides,Pycnopodia helianthoides,Asteriidae,Forcipulatida,Asteroidea,Echinodermata,Pycnopodia,N,50,-123,P,120,65
Melinna palmata,Melinna palmata,Ampharetidae,Ophiurida,Ophiuroidea,Echinodermata,Melinna,N,52,-9,L,290,NA
Gyptis rosea,Gyptis rosea,Hesionidae,Phyllodocida,Polychaeta,Annelida,Gyptis,N,59,10,P,90,NA
Ophiodromus flexuosus,Oxydromus flexuosus,Hesionidae,Phyllodocida,Polychaeta,Annelida,Oxydromus,N,59.474384,10,P,108,NA
Elysia hamatanii,Elysia hamatanii,Plakobranchidae,Sacoglossa,Gastropoda,Mollusca,Elysia,N,34,135,P,68,NA
Elysia trisinuata,Elysia trisinuata,Plakobranchidae,Sacoglossa,Gastropoda,Mollusca,Elysia,N,34,135,P,46,NA
Pygospio elegans,Pygospio elegans,Spionidae,Spionida,Polychaeta,Annelida,Pygospio,N,58.403151,12,L,300,NA
Scottolana canadensis,Scottolana canadensis,Canuellidae,Harpacticoida,Maxillopoda,Arthropoda,Scottolana,N,38,-77,P,NA,5
Strongylocentrotus droebachiensis,Strongylocentrotus droebachiensis,Strongylocentro,Echinoida,Echinoidea,Echinodermata,Strongylocentrotus,N,48,-123,P,155,36.5
Brisaster latifrons,Brisaster latifrons,Schizasteridae,Spatangoida,Echinoidea,Echinodermata,Brisaster,N,48,-122,L,365,35
Echinarachnius parma,Echinarachnius parma,Echinarachniida,Clypeasteroida,Echinoidea,Echinodermata,Echinarachnius,N,41,-70,P,145,32
Cantharidus callichroa,Cantharidus callichroa,Trochidae,Archaeogastropo,Gastropoda,Mollusca,Cantharidus,N,26,120,L,446,NA
Doridella steinbergae,Corambe steinbergae,Corambidae,Nudibranchia,Gastropoda,Mollusca,Corambe,N,48,-123,P,80,34
Doridella obscura,Corambe obscura,Corambidae,Nudibranchia,Gastropoda,Mollusca,Corambe,N,48,-123,P,65,13
Haminoea callidegenita,Haminoea japonica,Haminoedae,Cephalaspidea,Gastropoda,Mollusca,Haminoea,N,47,-122,L,220,NA
Phidiana lycnaeus,Phidiana lynceus,Phidianidae,Nudibranchia,Gastropoda,Mollusca,Phidiana,N,17,-88,L,140,7
Tritonia hombergi,Tritonia hombergii,Tritoniidae,Nudibranchia,Gastropoda,Mollusca,Tritonia,N,34,-4,L,200,43
Pholoe minuta,Pholoe minuta,Sigalionidae,Phyllodocida,Polychaeta,Annelida,Pholoe,N,55.372868,-1,P,135,NA
Acanthaster planci,Acanthaster planci,Acanthasteridae,Spinulodisa,Asteroidea,Echinodermata,Acanthaster,S,-10,146,P,175,38
Amphiodia pulchella,Amphiodia pulchella,Amphiuridae,Ophiurida,Ophiuroidea,Echinodermata,Amphiodia,N,16,-88,P,65,NA
Ophionereis reticulata,Ophionereis reticulata,Ophionereididae,Ophiurida,Ophiuroidea,Echinodermata,Ophionereis,N,18,-77,P,250,NA
Ophiopsila riisei,Ophiopsila riisei,Ophiocomidae,Ophiurida,Ophiuroidea,Echinodermata,Ophiopsila,N,18,-77,L,230,NA
Acrocnida brachiata,Acrocnida brachiata,Amphiuridae,Ophiurida,Ophiuroidea,Echinodermata,Acrocnida,N,54,-4,P,140,NA
Amphioplus abditus,Amphioplus abditus,Amphiuridae,Ophiurida,Ophiuroidea,Echinodermata,Amphioplus,N,41,-73,L,160,NA
Ophiocomella ophiactoide,Ophiocomella ophiactoide,Ophiocomidae,Ophiurida,Ophiuroidea,Echinodermata,Ophiocomella,N,18,-77,P,80,NA
Ophiolepis impressa,Ophiolepis impressa,Ophiurudae,Ophiurida,Ophiuroidea,Echinodermata,Ophiolepis,N,17,-88,L,200,NA
Ophionereis annulata,Ophionereis annulata,Ophionereididae,Ophiurida,Ophiuroidea,Echinodermata,Ophionereis,N,8,-79,L,240,NA
Armandia brevis,Armandia brevis,Opheliidae,,Polychaeta,Annelida,Armandia,N,48.537522,-123,P,60,NA
Encope aberrans,Encope michelini,Mellitidae,Clypeasteroida,Echinoidea,Echinodermata,Encope,N,24,-80,P,190,7
Pseudochitinopoma occide,Pseudochitinopoma occidentalis,Serpulidae,Sabellida,Polychaeta,Annelida,Pseudochitinopoma,N,48.537522,-123,P,60,NA
Crepidula protea,Crepidula protea,Calyptraeidae,Mesogastropoda,Gastropoda,Mollusca,Crepidula,S,-24,-42,P,150,NA
Stylocidaris affinis,Stylocidaris affinis,Cidaridae,Cidaroida,Asteroidea,Echinodermata,Stylocidaris,N,41,14,P,110,NA
Astropecten auranciacus,Astropecten aranciacus,Astropectinidae,Paxillodisa,Asteroidea,Echinodermata,Astropecten,N,45,13,P,195,80
Cerithium eburneum,Cerithium eburneum,Cerithiidae,Caenogastropoda,Gastropoda,Mollusca,Cerithium,N,26,-80,P,90,NA
Cerithium nodulosum,Cerithium nodulosum,Cerithiidae,Caenogastropoda,Gastropoda,Mollusca,Cerithium,N,11,162,P,200,NA
Cerithium muscarum,Cerithium muscarum,Cerithiidae,Caenogastropoda,Gastropoda,Mollusca,Cerithium,N,26,-80,P,250,NA
Cerithium floridanum,Cerithium atratum,Cerithiidae,Caenogastropoda,Gastropoda,Mollusca,Cerithium,N,26,-80,P,100,NA
Cerithium variabile,Cerithium lutosum,Cerithiidae,Caenogastropoda,Gastropoda,Mollusca,Cerithium,N,26,-80,P,200,NA
Kingberonuphis simoni,Kinbergonuphis simoni,Onuphidae,Eunicida,Polychaeta,Annelida,Kinbergonuphis,N,28,-83,L,370,NA
Haliotis rubra,Haliotis rubra,Haliotidae,,Gastropoda,Mollusca,Haliotis,S,-38,144,L,207.65,NA
Cypraecassis testiculus,Cypraecassis testiculus,Cassidae,Mesogastropoda,Gastropoda,Mollusca,Cypraecassis,N,13,-59,P,149,NA
Siphopatella walshi,Siphopatella walshi,Calyptraeidae,Caenogastropoda,Gastropoda,Mollusca,Siphopatella,N,22,114,P,250,NA
Asterina burtoni,Aquilonastra burtoni,Asterinidae,Spinulodisa,Asteroidea,Echinodermata,Aquilonastra,N,15,81,L,500,5
Arachnoides placenta,Arachnoides placenta,Arachnoididae,Clypeasteroida,Echinoidea,Echinodermata,Arachnoides,N,15,120,P,110,10
Elysia japonica,Elysia japonica,Plakobranchidae,Sacoglossa,Gastropoda,Mollusca,Elysia,N,22,114,P,91,NA
Elysia atroviridis,Elysia atroviridis,Plakobranchidae,Sacoglossa,Gastropoda,Mollusca,Elysia,N,22,114,P,54,NA
Calliopaea oophaga,Calliopaea oophaga,Limapontiidae,Sacoglossa,Gastropoda,Mollusca,Calliopaea,N,56,10,P,61.7,NA
Elysia thompsoni,Elysia thompsoni,Plakobranchidae,Sacoglossa,Gastropoda,Mollusca,Elysia,S,-25,114,P,62,NA
Ercolania endophytophaga,Ercolania endophytophaga,Limapontiidae,Sacoglossa,Gastropoda,Mollusca,Ercolania,S,-35,118,P,77.1,NA
Ercolania emarginata,Ercolania boodleae,Limapontiidae,Sacoglossa,Gastropoda,Mollusca,Ercolania,N,22,114,P,63.4,NA
Oxynoe olivacea,Oxynoe olivacea,Oxynoidae,Sacoglossa,Gastropoda,Mollusca,Oxynoe,N,40,0,P,65,NA
Thuridilla vatae,Thuridilla vataae,Plakobranchidae,Sacoglossa,Gastropoda,Mollusca,Thuridilla,N,11,162,P,60,NA
Thuridilla gracilis (rat,Thuridilla gracilis,Plakobranchidae,Sacoglossa,Gastropoda,Mollusca,Thuridilla,N,11,162,P,80,NA
Nereis vexillosa,Nereis vexillosa,Nereidae,Phyllodocida,Polychaeta,Annelida,Nereis,N,48.537522,-123,L,200,NA
Scolelepis squamata,Scolelepis (Scolelepis) squamata,Spionidae,Spionida,Polychaeta,Annelida,Scolelepis,N,51.368351,1,P,240,NA
Asterina batheri,Aquilonastra batheri,Asterinidae,Spinulodisa,Asteroidea,Echinodermata,Aquilonastra,N,35,137,L,430,10
Berthelinia limax,Berthelinia limax,Juliidae,Sacoglossa,Gastropoda,Mollusca,Berthelinia,N,32,130,L,250,NA
Julia japonica,Julia japonica,Juliidae,Sacoglossa,Gastropoda,Mollusca,Julia,N,32,130,P,65,NA
Echinaster echinophorus,Echinaster echinophorus,Echinasteridae,Spinulodisa,Asteroidea,Echinodermata,Echinaster,N,30,-82,L,1000,10
Echinaster echinophorus,Echinaster echinophorus,Echinasteridae,Spinulodisa,Asteroidea,Echinodermata,Echinaster,N,30,-82,L,1000,10
Macoma mitchelli,Ameritella mitchelli,Tellinidae,Veneroida,Bivalvia,Mollusca,Ameritella,N,38,-76,P,59,6.5
Nepanthia belcheri,Nepanthia belcheri,Asterinidae,Spinulodisa,Asteroidea,Echinodermata,Nepanthia,S,-19,146,L,450,NA
Perkinsiana antarctica,Perkinsiana antarctica,Sabellidae,Sabellida,Polychaeta,Annelida,Perkinsiana,S,-52,-60,L,195,NA
Conus catus,Conus catus,Conidae,Caenogastropoda,Gastropoda,Mollusca,Conus,N,21,-157,P,200,NA
Conus vexillum,Conus vexillum,Conidae,Caenogastropoda,Gastropoda,Mollusca,Conus,N,21,-157,P,140,NA
Conus vitulinus,Conus vitulinus,Conidae,Caenogastropoda,Gastropoda,Mollusca,Conus,N,21,-157,P,225,NA
Conus canonicus,Conus canonicus,Conidae,Caenogastropoda,Gastropoda,Mollusca,Conus,S,-4,55,P,233,21
Conus moreleti,Conus moreleti,Conidae,Caenogastropoda,Gastropoda,Mollusca,Conus,S,-4,55,P,150,28
Conus geographus,Conus geographus,Conidae,Caenogastropoda,Gastropoda,Mollusca,Conus,S,-4,55,P,190,27
Conus imperialis,Conus imperialis,Conidae,Caenogastropoda,Gastropoda,Mollusca,Conus,S,-4,55,P,220,22
Conus varius,Conus varius,Conidae,Caenogastropoda,Gastropoda,Mollusca,Conus,S,-4,55,P,160,27
Conus aristophanes,Conus aristophanes,Conidae,Caenogastropoda,Gastropoda,Mollusca,Conus,S,-17,178,P,186,25
Conus eburneus,Conus eburneus,Conidae,Caenogastropoda,Gastropoda,Mollusca,Conus,N,11,162,P,150,28
Conus bandanus,Conus bandanus,Conidae,Caenogastropoda,Gastropoda,Mollusca,Conus,N,7,134,P,299,15
Conus omaria,Conus omaria,Conidae,Caenogastropoda,Gastropoda,Mollusca,Conus,N,7,134,P,340,12
Conus chaldaeus,Conus chaldaeus,Conidae,Caenogastropoda,Gastropoda,Mollusca,Conus,S,-19,-169,P,175,25
Conus araneosus,Conus araneosus,Conidae,Caenogastropoda,Gastropoda,Mollusca,Conus,N,12,122,P,492,1.5
Conus suratensis,Conus suratensis,Conidae,Caenogastropoda,Gastropoda,Mollusca,Conus,N,16,120,P,207,23
Conus distans,Conus distans,Conidae,Caenogastropoda,Gastropoda,Mollusca,Conus,N,7,134,P,148,28
Conus planorbis,Conus planorbis,Conidae,Caenogastropoda,Gastropoda,Mollusca,Conus,N,13,121,P,214,22
Conus capitaneus,Conus capitaneus,Conidae,Caenogastropoda,Gastropoda,Mollusca,Conus,N,9,100,P,142.5,28.5
Conus tessulatus,Conus tessulatus,Conidae,Caenogastropoda,Gastropoda,Mollusca,Conus,N,27,51,P,250,19
Conus litteratus,Conus litteratus,Conidae,Caenogastropoda,Gastropoda,Mollusca,Conus,N,7,134,P,201,23
Conus miles,Conus miles,Conidae,Caenogastropoda,Gastropoda,Mollusca,Conus,N,8,159,P,228,21
Conus striatellus,Conus striatellus,Conidae,Caenogastropoda,Gastropoda,Mollusca,Conus,N,7,134,P,193,24
Conus striolatus,Conus striolatus,Conidae,Caenogastropoda,Gastropoda,Mollusca,Conus,N,7,135,P,224,21
Conus episcopus,Conus pennaceus,Conidae,Caenogastropoda,Gastropoda,Mollusca,Conus,N,7,134,P,275,17
Conus stercusmuscarum,Conus stercusmuscarum,Conidae,Caenogastropoda,Gastropoda,Mollusca,Conus,N,13,121,P,235,20
Conus coffeae,Conus coffeae,Conidae,Caenogastropoda,Gastropoda,Mollusca,Conus,N,7,134,P,222,21
Conus frigidus,Conus frigidus,Conidae,Caenogastropoda,Gastropoda,Mollusca,Conus,S,-3,100,P,212,22
Astropecten gisselbrecht,Astropecten gisselbrecht,Astropectentida,Paxillosida,Asteroidea,Echinodermata,Astropecten,N,33,130,L,353,3.38
Ctenopleura fisheri,Ctenopleura fisheri,Astropectinidae,Paxillodisa,Asteroidea,Echinodermata,Ctenopleura,N,57,137,L,465,15
Asterina coronata,Aquilonastra coronata,Asterinidae,Spinulodisa,Asteroidea,Echinodermata,Aquilonastra,N,40,135,L,430,30
Asterina minor,Aquilonastra minor,Asterinidae,Spinulodisa,Asteroidea,Echinodermata,Aquilonastra,N,40,135,L,440,10
Orthopyxis compressa,Orthopyxis compressa,Campanularidae,Hydroida,Hydrozoa,Cnidaria,Orthopyxis,N,48,-123,P,210,NA
Diopatra variabilis,Diopatra variabilis,Onuphidae,Eunicida,Polychaeta,Annelida,Diopatra,N,13,80,L,600,NA
Ondina diaphana,Ondina diaphana,Pyramidellidae,,Gastropoda,Mollusca,Ondina,N,48,-4,P,80,NA
Alderia willowi (benthic,Alderia willowi,Limapontiidae,Sacoglossa,Gastropoda,Mollusca,Alderia,N,33,-117,L,68,1.5
Alderia willowi (plankto,Alderia willowi,Limapontiidae,Sacoglossa,Gastropoda,Mollusca,Alderia,N,33,-117,P,105,32
Alderia modesta,Alderia modesta,Limapontiidae,Sacoglossa,Gastropoda,Mollusca,Alderia,N,38,-123,P,78,30.5
Elysia zuleicae,Elysia zuleicae,Plakobranchidae,Sacoglossa,Gastropoda,Mollusca,Elysia,N,18,-77,P,66.1,NA
Elysia (Boselia) marcusi,Elysia marcusi,Plakobranchidae,Sacoglossa,Gastropoda,Mollusca,Elysia,N,18,-77,L,103.9,5.5
Elysia pratensis,Elysia pratensis,Plakobranchidae,Sacoglossa,Gastropoda,Mollusca,Elysia,N,24,-81,L,117.9,NA
Elysia cornigera,Elysia cornigera,Plakobranchidae,Sacoglossa,Gastropoda,Mollusca,Elysia,N,24,-81,L,105,NA
Elysia subornata,Elysia subornata,Plakobranchidae,Sacoglossa,Gastropoda,Mollusca,Elysia,N,24,-81,L,119.2,NA
Elysia crispata,Elysia crispata,Plakobranchidae,Sacoglossa,Gastropoda,Mollusca,Elysia,N,12,-68,L,106.1,NA
Elysia tuca,Elysia velutinus,Plakobranchidae,Sacoglossa,Gastropoda,Mollusca,Elysia,N,22,-73,L,104.8,NA
Elysia papillosa,Elysia papillosa,Plakobranchidae,Sacoglossa,Gastropoda,Mollusca,Elysia,N,24,-81,L,116.3,NA
Sphaeropomatus miamiensi,Ficopomatus miamiensis,Serpulidae,Sabellida,Polychaeta,Annelida,Ficopomatus,N,13,-59,P,48,4
Spirobranchus polycerus,Spirobranchus polycerus,Serpulidae,Sabellida,Polychaeta,Annelida,Spirobranchus,N,13,-59,P,65,NA
Pectinaria granulata,Cistenides granulata,Pectinariidae,Terebellida,Polychaeta,Annelida,Cistenides,N,69.162558,-53,P,68,NA
Nereis pelagica,Nereis pelagica,Nereididae,Phyllodocida,Polychaeta,Annelida,Nereis,N,50.352471,-4,L,180,NA
Phyllodoce maculata,Phyllodoce maculata,Phyllodocidae,Phyllodocida,Polychaeta,Annelida,Phyllodoce,N,45.073521,-67,P,110,NA
Clione limacina,Clione limacina,Clionidae,,Gastropoda,Mollusca,Clione,N,50,-4,P,85,17.5
Natica catena,Euspira catena,Naticidae,Neotaenioglossa,Gastropoda,Mollusca,Euspira,N,50,-4,P,160,NA
Alvania punctura,Alvania punctura,Rissoidae,,Gastropoda,Mollusca,Alvania,N,50,-4,P,60,NA
Cantharidus exasperatus,Cantharidus exasperatus,Trochidae,Archaeogastropo,Gastropoda,Mollusca,Cantharidus,N,48,-3,L,160,NA
Natica poliana,Euspira nitida,Naticidae,Neotaenioglossa,Gastropoda,Mollusca,Euspira,N,50,-4,P,140,NA
Lacuna vincta,Lacuna vincta,Littorinidae,,Gastropoda,Mollusca,Lacuna,N,50,-4,P,180,NA
Littorina neritoides,Littorina neritoides,Littorinidae,Neotaenioglossa,Gastropoda,Mollusca,Littorina,N,50,-4,P,80,NA
Littorina littorea,Littorina littorea,Littorinidae,Neotaenioglossa,Gastropoda,Mollusca,Littorina,N,50,-4,P,205,NA
Balcis alba,Melanella alba,Eulimidae,,Gastropoda,Mollusca,Melanella,N,50,-4,P,100,NA
Littorina neritoides,Melarhaphe neritoides,Littorinidae,Neotaenioglossa,Gastropoda,Mollusca,Melarhaphe,N,50,-4,P,80,NA
Chrysallida decussata,Parthenina decussata,Pyramidellidae,,Gastropoda,Mollusca,Parthenina,N,50,-4,P,90,NA
Patella vulgata,Patella vulgata,Patellidae,,Gastropoda,Mollusca,Patella,N,50,-4,P,160,NA
Patina pellucida,Patella pellucida,Patellidae,Prosobranchia,Gastropoda,Mollusca,Patella,N,50,-4,L,320,NA
Pelseneeria stylifera,Pelseneeria stylifera,Eulimidae,,Gastropoda,Mollusca,Pelseneeria,N,50,-4,P,100,NA
Rissoa membranacea,Rissoa membranacea,Rissoidae,,Gastropoda,Mollusca,Rissoa,N,50,-4,P,130,NA
Simnia patula,Simnia patula,Ovulidae,Littorinimorpha,Gastropoda,Mollusca,Simnia,N,50,-4,P,130,NA
Trophon muricatus,Trophonopsis muricata,Muricidae,Neogastropoda,Gastropoda,Mollusca,Trophonopsis,N,50,-4,L,480,NA
Branchiomma luctuosum,Branchiomma luctuosum,Sabellidae,Sabellida,Polychaeta,Annelida,Branchiomma,N,40.737633,14,L,140,5
Echinus esculentus,Echinus esculentus,Echinidae,Echinoida,Echinoidea,Echinodermata,Echinus,N,50,-4,P,180,42
Nodilittorina trochoides,Echinolittorina pascua,Littorinidae,Littorinimorpha,Gastropoda,Mollusca,Echinolittorina,N,22,114,P,65,NA
Nodilittorina vidua,Echinolittorina vidua,Littorinidae,Littorinimorpha,Gastropoda,Mollusca,Echinolittorina,N,22,114,P,65,NA
Littoraria articulata,Littoraria articulata,Littorinidae,Littorinimorpha,Gastropoda,Mollusca,Littoraria,N,22,114,P,70,NA
Nodilittorina trochoides,Nodilittorina trochoides,Littorinidae,Littorinimorpha,Gastropoda,Mollusca,Nodilittorina,N,22,114,P,65,NA
Peasiella roepstorffiana,Peasiella roepstorffiana,Littorinidae,Littorinimorpha,Gastropoda,Mollusca,Peasiella,N,22,114,P,70,NA
Dipolydora melanopalpa,Dipolydora melanopalpa,Spionidae,Spionida,Polychaeta,Annelida,Dipolydora,N,42,132,L,80,NA
Manayunkia caspica,Manayunkia caspica,Sabellidae,Sabellida,Polychaeta,Annelida,Manayunkia,N,45.294211,28,L,120,NA
Galeolaria caespitosa,Galeolaria caespitosa,Serpulidae,Sabellida,Polychaeta,Annelida,Galeolaria,S,-33,151.202087,P,64,12
Pyura fissa,Pyura fissa,Pyuridae,Stolidobranchia,Ascidiacea,Chordata,Pyura,S,-35,137,L,175.78,NA
Pyura stolonifera,Pyura stolonifera,Pyuridae,Stolidobranchia,Ascidiacea,Chordata,Pyura,S,-38,144,L,269,NA
Ambylpneustes formosus,Amblypneustes formosus,Temnopleuridae,Temnopleuroida,Echinoidea,Echinodermata,Amblypneustes,S,-38,144,L,399,NA
Amblypneustes pallidus,Amblypneustes pallidus,Temnopleuridae,Temnopleuroida,Echinoidea,Echinodermata,Amblypneustes,S,-34,135,L,415.24,NA
Amblypneustes ovum,Amblypneustes ovum,Temnopleuridae,Temnopleuroida,Echinoidea,Echinodermata,Amblypneustes,S,-38,144,L,472,NA
Ambylpneustes pachistus,Amblypneustes elevatus,Temnopleuridae,Temnopleuroida,Echinoidea,Echinodermata,Amblypneustes,S,-34,138,L,383,NA
Araeosoma owstoni,Araeosoma owstoni,Echinothuriidae,Echinothurioida,Echinoidea,Echinodermata,Araeosoma,N,34,139,L,1200,NA
Araeosoma fenestratum,Araeosoma fenestratum,Echinothuriidae,Echinothurioida,Echinoidea,Echinodermata,Araeosoma,N,57,-10,L,1250,NA
Ascobulla ulla,Ascobulla ulla,Volvatellidae,Sacoglossa,Gastropoda,Mollusca,Ascobulla,N,32,-65,L,99.3,NA
Mangelia nebula,Bela nebula,Conidae,Neogastropoda,Gastropoda,Mollusca,Bela,N,50,-4,P,160,NA
Berthelinia  sp.1,Berthelinia,Juliidae,Sacoglossa,Gastropoda,Mollusca,Berthelinia,S,-31,159,L,90.5,NA
Bosellia sp.,Bosellia,Plakobranchidae,Sacoglossa,Gastropoda,Mollusca,Bosellia,S,-27,153,P,56,NA
Breynia australiasiae,Breynia australasiae,Loveniidae,Spatangoida,Echinoidea,Echinodermata,Breynia,S,-33,159,L,377,NA
Brissus obesus,Brissus obesus,Schizasteridae,Spatangoida,Echinoidea,Echinodermata,Brissus,N,10,-79,P,117.5,NA
Bushiella abnormis,Bushiella abnormis,Spirorbidae,Sabellida,Polychaeta,Annelida,Bushiella,N,48,-123,L,185,NA
Calveriosoma hystrix,Calveriosoma hystrix,Echinothuriidae,Echinothurioida,Echinoidea,Echinodermata,Calveriosoma,N,57,-10,L,1250,NA
Circeis armoricana,Circeis armoricana,Spirorbidae,Sabellida,Polychaeta,Annelida,Circeis,N,48,-123,L,167,NA
Clypeaster australasiae,Clypeaster australasiae,Clypeasteridae,Clypeasteroida,Echinoidea,Echinodermata,Clypeaster,S,-33,151,P,88.56,NA
Conus victoriae,Conus victoriae,Conidae,Caenogastropoda,Gastropoda,Mollusca,Conus,S,-14,125,P,621,NA
Conus thalassiarchus,Conus thalassiarchus,Conidae,Caenogastropoda,Gastropoda,Mollusca,Conus,N,8,117,P,602,NA
Conus furvus,Conus furvus,Conidae,Caenogastropoda,Gastropoda,Mollusca,Conus,N,9,118,P,697,NA
Conus magus,Conus magus,Conidae,Caenogastropoda,Gastropoda,Mollusca,Conus,N,13,121,P,566,NA
Conus consors,Conus consors,Conidae,Caenogastropoda,Gastropoda,Mollusca,Conus,N,7,134,P,389,7
Conus stramineus,Conus stramineus,Conidae,Caenogastropoda,Gastropoda,Mollusca,Conus,N,13,121,P,537,NA
Conus cinereus,Conus cinereus,Conidae,Caenogastropoda,Gastropoda,Mollusca,Conus,N,16,120,P,480,NA
Costasiella usagi,Costasiella usagi,Limapontiidae,Sacoglossa,Gastropoda,Mollusca,Costasiella,N,13,144,P,79.8,NA
Costasiella sp. 2 Guam,Costasiella,Limapontiidae,Sacoglossa,Gastropoda,Mollusca,Costasiella,N,13,144,P,62.7,NA
"Costasiella sp. 3, cf. o",Costasiella,Limapontiidae,Sacoglossa,Gastropoda,Mollusca,Costasiella,N,13,144,P,77.2,NA
Costasiella sp. 4 Guam,Costasiella,Limapontiidae,Sacoglossa,Gastropoda,Mollusca,Costasiella,N,13,144,L,105.2,NA
Costasiella sp. 1 Guam,Costasiella,Limapontiidae,Sacoglossa,Gastropoda,Mollusca,Costasiella,N,13,144,P,67.3,NA
Cyerce sp. 2,Cyerce,Polybranchiidae,Sacoglossa,Gastropoda,Mollusca,Cyerce,N,13,144,P,52.9,NA
Cyerce nigra,Cyerce nigra,Polybranchiidae,Sacoglossa,Gastropoda,Mollusca,Cyerce,N,13,144,P,57.2,NA
Cyerce sp. Bahamas,Cyerce,Polybranchiidae,Sacoglossa,Gastropoda,Mollusca,Cyerce,N,27,-78,P,61.8,NA
Cylindrobulla sp1,Cylindrobulla,Volvatellidae,Sacoglossa,Gastropoda,Mollusca,Cylindrobulla,S,-31,159,L,114.7,NA
Echinosigra phiale,Echinosigra phiale,Pourtalesiidae,Pourtalesoida,Echinoidea,Echinodermata,Echinosigra,N,57,-12,L,335,NA
Echinostrephus aciculatu,Echinostrephus aciculatus,Echinometridae,Echinoida,Echinoidea,Echinodermata,Echinostrephus,N,35,136,P,150,NA
Elysia marginata,Elysia marginata,Plakobranchidae,Sacoglossa,Gastropoda,Mollusca,Elysia,N,13,144,P,55.7,NA
Elysia pusilla,Elysia pusilla,Plakobranchidae,Sacoglossa,Gastropoda,Mollusca,Elysia,N,13,144,P,97,NA
Elysia patina,Elysia patina,Plakobranchidae,Sacoglossa,Gastropoda,Mollusca,Elysia,N,12,-69,P,67.2,NA
"Elysia sp. 18, Rhipilia",Elysia,Plakobranchidae,Sacoglossa,Gastropoda,Mollusca,Elysia,N,26,-79,P,61.2,NA
Elysia ornata,Elysia ornata,Plakobranchidae,Sacoglossa,Gastropoda,Mollusca,Elysia,N,12,-69,P,59.4,NA
E. furvacauda,Elysia furvacaud,Plakobranchidae,Sacoglossa,Gastropoda,Mollusca,Elysia,S,-31,159,L,126.1,NA
"Elysia sp. 24, cf brown",Elysia,Plakobranchidae,Sacoglossa,Gastropoda,Mollusca,Elysia,S,-31,159,P,67.1,NA
"Elysia sp. 22, gold spot",Elysia,Plakobranchidae,Sacoglossa,Gastropoda,Mollusca,Elysia,S,-31,159,P,71.5,NA
"Elysia sp. 15, Udotea-ea",Elysia,Plakobranchidae,Sacoglossa,Gastropoda,Mollusca,Elysia,N,13,144,L,67.1,NA
Echinus affinis,Gracilechinus affinis,Echinidae,Echinoida,Echinoidea,Echinodermata,Gracilechinus,N,57,-10,P,90,NA
Holopneustes maroon,Holopneustes,Temnopleuridae,Temnopleuroida,Echinoidea,Echinodermata,Holopneustes,S,-34,138,L,385.48,NA
Holopneustes porosissimu,Holopneustes porosissimus,Temnopleuridae,Temnopleuroida,Echinoidea,Echinodermata,Holopneustes,S,-38,144,L,426.4,NA
Hydroides elegans (as no,Hydroides elegans,Serpulidae,Sabellida,Polychaeta,Annelida,Hydroides,S,-33,151.247749,P,45,NA
Hygrosoma petersii,Hygrosoma petersii,Echinothuriidae,Echinothurioida,Echinoidea,Echinodermata,Hygrosoma,N,57,-10,L,1150,NA
Limacina retroversa,Limacina retroversa,Limacinidae,Thecosomata,Gastropoda,Mollusca,Limacina,N,50,-4,P,90,NA
Cymatium cutaceum,Linatella caudata,Cymatiidae,Mesogastropoda,Gastropoda,Mollusca,Linatella,N,41,2,P,151,NA
Lobiger viridis,Lobiger viridis,Oxynoidae,Sacoglossa,Gastropoda,Mollusca,Lobiger,S,-31,159,P,73.3,NA
Lytechinus williamsi,Lytechinus williamsi,Toxopneustidae,Temnopleuroida,Echinoidea,Echinodermata,Lytechinus,N,10,-79,P,103,NA
Lytechinus anamesus,Lytechinus pictus,Toxopneustidae,Temnopleuroida,Echinoidea,Echinodermata,Lytechinus,N,32,-117,P,111,NA
Encope stokesii,Mellitella stokesii,Curculionoidea,Clypeasteroida,Echinoidea,Echinodermata,Mellitella,N,10,-88,P,114,NA
Cymatium corrugatum,Monoplex corrugatus,Cymatiidae,Mesogastropoda,Gastropoda,Mollusca,Monoplex,N,41,2,P,216,NA
Ostrea edulis,Ostrea edulis,Ostreidae,Ostreina,Bivalvia,Mollusca,Ostrea,N,58,11,P,202,NA
Oulactis mucosa,Oulactis muscosa,Actiniidae,Actiniaria,Anthozoa,Cnidaria,Oulactis,S,-38,144,L,222,NA
Oxynoe sp.1 (Gosliner),Oxynoe,Oxynoidae,Sacoglossa,Gastropoda,Mollusca,Oxynoe,N,13,144,L,121,NA
Paradexiospira vitrea,Paradexiospira vitrea,Spirorbidae,Sabellida,Polychaeta,Annelida,Paradexiospira,N,48,-123,L,196,NA
Parasalenia gratiosa,Parasalenia gratiosa,Parasaleniidae,Echinoida,Echinoidea,Echinodermata,Parasalenia,N,34,136,P,96,NA
Phormosoma placenta,Phormosoma placenta,Echinothuriidae,Echinothurioida,Echinoidea,Echinodermata,Phormosoma,N,57,-10,L,1100,NA
Pileolaria berkelyana,Pileolaria berkeleyana,Spirorbidae,Sabellida,Polychaeta,Annelida,Pileolaria,N,48,-122,L,169,NA
Placida cremoniana,Placida cremoniana,Limapontiidae,Sacoglossa,Gastropoda,Mollusca,Placida,S,-33,151,P,54.1,NA
Placida sp. Sydney,Placida,Limapontiidae,Sacoglossa,Gastropoda,Mollusca,Placida,S,-33,151,P,54.3,NA
Plakobranchus sp white,Plakobranchus,Plakobranchidae,Sacoglossa,Gastropoda,Mollusca,Plakobranchus,N,13,144,P,75,NA
Pourtalesia miranda,Pourtalesia miranda,Pourtalesiidae,Pourtalesoida,Echinoidea,Echinodermata,Pourtalesia,N,57,-12,L,357,NA
Pourtalesia jeffreysi,Pourtalesia jeffreysi,Pourtalesiidae,Pourtalesoida,Echinoidea,Echinodermata,Pourtalesia,N,57,-12,L,225,NA
Protolaespira exima,Protolaeospira (Protolaeospira) eximia,Spirorbidae,Sabellida,Polychaeta,Annelida,Protolaeospira,N,48,-122,L,199,NA
Pseudechinus huttoni,Pseudechinus huttoni,Temnopleuridae,Temnopleuroida,Echinoidea,Echinodermata,Pseudechinus,S,-45,167,P,110.95,NA
Scaphechinus tenuis,Scaphechinus tenuis,Scutellidae,Clypeasteroida,Echinoidea,Echinodermata,Scaphechinus,N,34,136,P,100,NA
Sperosoma grimaldii,Sperosoma grimaldii,Echinothuriidae,Echinothurioida,Echinoidea,Echinodermata,Sperosoma,N,57,-10,L,1100,NA
Stiliger fuscovitatus,Stiliger fuscovittatus,Limapontiidae,Sacoglossa,Gastropoda,Mollusca,Stiliger,N,34,-118,P,65.4,NA
Allocentrotus fragilis,Strongylocentrotus fragilis,Strongylocentro,Echinoida,Echinoidea,Echinodermata,Strongylocentrotus,N,48,-123,P,110,NA
Temnopleurus hardwickii,Temnopleurus hardwickii,Temnopleuridae,Temnopleuroida,Echinoidea,Echinodermata,Temnopleurus,N,35,140,P,100,NA
Temnopleurus toreumaticu,Temnopleurus toreumaticus,Temnopleuridae,Temnopleuroida,Echinoidea,Echinodermata,Temnopleurus,N,34,136,P,80,NA
Temnopleurus michaelseni,Temnopleurus michaelseni,Temnopleuridae,Temnopleuroida,Echinoidea,Echinodermata,Temnopleurus,S,-34,135,P,80.43,NA
Toxopneustes pileolus,Toxopneustes pileolus,Toxopneustidae,Temnopleuroida,Echinoidea,Echinodermata,Toxopneustes,N,34,136,P,80,NA
Toxopneustes roseus,Toxopneustes roseus,Toxopneustidae,Temnopleuroida,Echinoidea,Echinodermata,Toxopneustes,N,10,-79,P,100,NA
Hydroides fusicola,Hydroides fusicola,Serpulidae,Sabellida,Polychaeta,Annelida,Hydroides,N,32.738772,129,P,67,NA
Lytechinus variegatus,Lytechinus variegatus,Toxopneustidae,Temnopleuroida,Echinoidea,Echinodermata,Lytechinus,N,29,-85,P,110,37
Phragmatopoma lapidosa,Phragmatopoma lapidosa,Sabellariidae,Terebellida,Polychaeta,Annelida,Phragmatopoma,N,26,-80,P,100,NA
Pteraster tesselatus,Pteraster tesselatus,Pterasteridae,Spinulodisa,Asteroidea,Echinodermata,Pteraster,N,48,-123,L,1200,11
Psolidium bullatum,Psolidium bullatum,Psolidae,Dendrochirotida,Holothuroid,Echinodermata,Psolidium,N,48,-123,L,330,8
Psolus chitonoides,Psolus chitonoides,Psolidae,Dendrochirotida,Holothuroid,Echinodermata,Psolus,N,48,-123,L,627,28
Psolus chitinoides,Psolus chitinoides,Psolidae,Dendrochirotida,Holothuroid,Echinodermata,Psolus,N,48,-123,L,627,NA
Eudistylia vancuvieri,Eudistylia vancouveri,Sabellidae,Sabellida,Polychaeta,Annelida,Eudistylia,N,48.537522,-123,L,180,NA
Doris montereyensis,Doris montereyensis,Dorididae,Nudibranchia,Gastropoda,Mollusca,Doris,N,43,-124,L,225,0.5
Amphysamytha galapagensi,Amphisamytha galapagensis,Ampharetidae,Ophiurida,Ophiuroidea,Echinodermata,Amphisamytha,N,48,-130,L,240,NA
Paralvinella palmiformis,Paralvinella palmiformis,Alvinellidae,Terebellida,Polychaeta,Annelida,Paralvinella,N,47.9667,-129,L,260,NA
Eupolymnia crescentis,Eupolymnia heterobranchia,Terebellidae,Terebellida,Polychaeta,Annelida,Eupolymnia,N,37.858591,-122,L,200,7
Neoamphitrite robusta,Neoamphitrite robusta,Terebellidae,Terebellida,Polychaeta,Annelida,Neoamphitrite,N,38,-123,L,180,NA
Thelepus crispus,Thelepus crispus,Terebellidae,Terebellida,Polychaeta,Annelida,Thelepus,N,48,-123,L,400,2
Nassarius (Niotha) paupe,Nassarius pauperatus,Nassariidae,Neogastropoda,Gastropoda,Mollusca,Nassarius,S,-34,138,P,145,NA
Eucidaris tribuloides,Eucidaris tribuloides,Cidaridae,Cidaroida,Asteroidea,Echinodermata,Eucidaris,N,25,-80,P,70,25
Owenia fusiformis,Owenia fusiformis,Oweniidae,Sabellida,Polychaeta,Annelida,Owenia,N,48.645613,-2,P,110,NA
Actinopyga serratidens,Actinopyga serratidens,Holothuriidae,Aspidochirotida,Holothuroid,Echinodermata,Actinopyga,N,27,33,P,NA,28
Actinopyga echinites,Actinopyga echinites,Holothuriidae,Aspidochirotida,Holothuroid,Echinodermata,Actinopyga,N,25,121,P,165,18
Amphiura chiajei,Amphiura chiajei,Amphiuridae,Ophiurida,Ophiuroidea,Echinodermata,Amphiura,N,43,7,L,150,7
Apostichopus japonicus,Apostichopus japonicus,Stichopodidae,Aspidochirotida,Holothuroid,Echinodermata,Apostichopus,N,37,120,P,145,14
Arbacia punctulata,Arbacia punctulata,Curculionoidea,Arbacioida,Echinoidea,Echinodermata,Arbacia,N,36,-122,P,75,24
Aslia lefevrei,Aslia lefevrei,Cucumariidae,Dendrochirotida,Holothuroid,Echinodermata,Aslia,N,42,-8,L,525,49
Asterias forbesi,Asterias forbesi,Asteriidae,Forcipulatida,Asteroidea,Echinodermata,Asterias,N,41,-70,P,110,25
Asteropsis carinifera,Asteropsis carinifera,Poraniidae,Spinulodisa,Asteroidea,Echinodermata,Asteropsis,N,27,33,L,200,30
Astriclypeus manni,Astriclypeus mannii,,Clypeasteroida,Echinoidea,Echinodermata,Astriclypeus,N,34,136,P,190,25
Astropecten velitaris,Astropecten velitaris,Astropectinidae,Paxillosida,Asteroidea,Echinodermata,Astropecten,N,27,33,L,NA,5.5
Astropecten polyacanthus,Astropecten polyacanthus,Astropectinidae,Paxillodisa,Asteroidea,Echinodermata,Astropecten,N,27,33,P,165,3.5
Certonardoa semiregulari,Certonardoa semiregularis,Ophidiasteridae,Valvatida,Asteroidea,Echinodermata,Certonardoa,N,36,137,L,930,21
Patiriella pseudoexigua,Cryptasterina pentagona,Asterinidae,Spinulosida,Asteroidea,Echinodermata,Cryptasterina,N,22,120,L,378,10
Cucumaria piperata,Cucumaria piperata,Cucumariiadae,Dendrochirotida,Holothuroid,Echinodermata,Cucumaria,N,48,-123,L,532,8.5
Cucumaria frondosa,Cucumaria frondosa,Cucumariidae,Dendrochirotida,Holothuroid,Echinodermata,Cucumaria,N,48,-68,L,750,46
Diadema setosum,Diadema setosum,Diadematidae,Diadematoida,Echinoidea,Echinodermata,Diadema,N,27,33,P,92,45
Echinaster purpureus,Echinaster purpureus,Echinasteridae,Spinulosida,Asteroidea,Echinodermata,Echinaster,N,27,33,L,NA,4
Echinocardium cordatum,Echinocardium cordatum,Loveniidae,Spatangoida,Echinoidea,Echinodermata,Echinocardium,N,55,-5,P,125,27
Eucidaris metularia,Eucidaris metularia,Cidaridae,Cidaroida,Asteroidea,Echinodermata,Eucidaris,N,27,33,P,90,30
Eucidaris thouarsii,Eucidaris thouarsii,Cidaridae,Cidaroida,Asteroidea,Echinodermata,Eucidaris,N,9,-80,P,86,30
Eupentacta fraudatrix,Eupentacta fraudatrix,Sclerodactylida,Dendrochirotida,Holothuroid,Echinodermata,Eupentacta,N,42,131,L,350,6.5
Eupentacta quinquesemita,Eupentacta quinquesemita,Sclerodactylida,Dendrochirotida,Holothuroid,Echinodermata,Eupentacta,N,48,-123,L,397,7
Fromia ghardaqana,Fromia ghardaqana,Ophidiasteridae,Valvatida,Asteroidea,Echinodermata,Fromia,N,32,35,L,100,24
Henricia sanguinolenta,Henricia sanguinolenta,Echinasteridae,Spinulodisa,Asteroidea,Echinodermata,Henricia,N,46,-46,L,1050,42
Henricia lisa,Henricia lisa,Echinasteridae,Spinulosida,Asteroidea,Echinodermata,Henricia,N,46,-46,L,1100,45
Heterocentrotus mammilla,Heterocentrotus mamillatus,Echinometridae,Echinoida,Echinoidea,Echinodermata,Heterocentrotus,N,27,33,P,100,8
Holothuria (Thymiosycia),Holothuria,Holothuriidae,Aspidochirotida,Holothuroid,Echinodermata,Holothuria,N,27,33,P,100,14
Holothuria (Thymiosycia),Holothuria,Holothuriidae,Aspidochirotida,Holothuroid,Echinodermata,Holothuria,N,27,33,P,NA,28
Holothuria (Thymiosycia),Holothuria,Holothuriidae,Aspidochirotida,Holothuroid,Echinodermata,Holothuria,N,27,33,P,NA,28
Holothuria (Thymiosycia),Holothuria,Holothuriidae,Aspidochirotida,Holothuroid,Echinodermata,Holothuria,N,27,33,P,100,14
Holothuria (Theelothuria,Holothuria,Holothuriidae,Aspidochirotida,Holothuroid,Echinodermata,Holothuria,N,8,78,P,145,15
Holothuria (Platyperona),Holothuria,Holothuriidae,Aspidochirotida,Holothuroid,Echinodermata,Holothuria,N,27,33,P,100,12
Iconaster longimanus,Iconaster longimanus,Goniasteridae,Valvatida,Asteroidea,Echinodermata,Iconaster,N,1,103,L,960.5,10
Laganum depressum,Jacksonaster depressum,Laganidae,Clypeasteroida,Echinoidea,Echinodermata,Jacksonaster,N,27,33,P,100,14
Labidoplax buskii,Labidoplax buskii,Synaptidae,Apodida,Holothuroid,Echinodermata,Labidoplax,N,58,11,L,150,11.5
Leptopentacta elongata,Leptopentacta elongata,Cucumariidae,Dendrochirotida,Holothuroid,Echinodermata,Leptopentacta,N,55,-1,L,350,9
Loxechinus albus,Loxechinus albus,Parechinidae,Camarodonta,Echinoidea,Echinodermata,Loxechinus,S,-33,-71,P,116,26.5
Luidia alternata,Luidia alternata,Luidiidae,Paxillosida,Asteroidea,Echinodermata,Luidia,N,27,-82,P,193,13
Luidia senegalensis,Luidia senegalensis,Luidiidae,Paxillosida,Asteroidea,Echinodermata,Luidia,N,26,-81,P,197,18
Luidia quinaria,Luidia quinaria,Luidiidae,Paxillodisa,Asteroidea,Echinodermata,Luidia,N,36,137,P,124,36
Luidia ciliaris,Luidia ciliaris,Luidiidae,Paxillodisa,Asteroidea,Echinodermata,Luidia,N,27,-82,P,170,28
Luidia savignyi,Luidia savignyi,Luidiidae,Paxillosida,Asteroidea,Echinodermata,Luidia,N,27,33,P,NA,12
Luidia clathrata,Luidia clathrata,Luidiidae,Paxillosida,Asteroidea,Echinodermata,Luidia,N,27,-82,P,168,28
Lytechinus pictus,Lytechinus pictus,Toxopneustidae,Temnopleuroida,Echinoidea,Echinodermata,Lytechinus,N,37,-120,P,NA,24
Patiriella gunnii,Meridiastra gunnii,Asterinidae,Valvatida,Asteroidea,Echinodermata,Meridiastra,S,-33,151,L,360,14
Patiriella calcar,Meridiastra calcar,Asterinidae,Valvatida,Asteroidea,Echinodermata,Meridiastra,S,-33,151,L,400,14
Metacrinus rotundus,Metacrinus rotundus,Isselicrinidae,Isocrinida,Crinoidea,Echinodermata,Metacrinus,N,34,138,L,350,11
Molpadia intermedia,Molpadia intermedia,Molpadiidae,Molpadiida,Holothuroid,Echinodermata,Molpadia,N,48,-123,L,267,6.5
Nudechinus gravieri,Nudechinus gravieri,Toxopneustidae,Camarodonta,Echinoidea,Echinodermata,Nudechinus,N,27,33,P,90,15
Ophiocomina nigra,Ophiocomina nigra,Ophiocomidae,Ophiurida,Ophiuroidea,Echinodermata,Ophiocomina,N,50,-4,P,100,37.5
Ophioderma brevispina,Ophioderma brevispina,Ophiodermatidae,Ophiurida,Ophiuroidea,Echinodermata,Ophioderma,N,41,-70,L,325,5
Ophiomaza cacaotica,Ophiomaza cacaotica,Ophiotricidae,Ophiurida,Ophiuroidea,Echinodermata,Ophiomaza,N,27,33,P,100,13
Ophioplocus japonicus,Ophioplocus japonicus,Ophiolepididae,Ophiurida,Ophiuroidea,Echinodermata,Ophioplocus,N,36,137,L,300,6
Ophiothrix (Ophiothrix),Ophiothrix,Ophiotrichidae,Ophiurida,Ophiuroidea,Echinodermata,Ophiothrix,N,27,33,P,100,21
Ophiothrix fragilis,Ophiothrix fragilis,Ophiotricidae,Ophiurida,Ophiuroidea,Echinodermata,Ophiothrix,N,55,11,P,100,26
Caudina chilensis,Paracaudina chilensis,Caudinidae,Molpadida,Holothuroid,Echinodermata,Paracaudina,N,40,141,L,572,13
Parechinus angulosus,Parechinus angulosus,Echinidae,Echinoida,Echinoidea,Echinodermata,Parechinus,S,-34,18,P,90,56
Patiria miniata,Patiria miniata,Asterinidae,Spinulodisa,Asteroidea,Echinodermata,Patiria,N,36,-121,P,185,38
Pentamera populifera,Pentamera populifera,Phyllophoridae,Dendrochirotida,Holothuroid,Echinodermata,Pentamera,N,48,-123,L,372,6.5
Prionocidaris baculosa,Prionocidaris baculosa,Cidaridae,Cidaroida,Asteroidea,Echinodermata,Prionocidaris,N,27,33,P,150,25
Psammechinus miliaris,Psammechinus miliaris,Echinidae,Echinoida,Echinoidea,Echinodermata,Psammechinus,N,50,-4,P,97,58
Pseudocnus echinatus,Pseudocnus echinatus,Cucumariidae,Dendrochirotida,Holothuroid,Echinodermata,Pseudocnus,N,35,140,L,445,7.5
Psolus fabricii,Psolus fabricii,Psolidae,Dendrochirotida,Holothuroid,Echinodermata,Psolus,N,47,-52,L,500,55
Psolus phantapus,Psolus phantapus,Psolidae,Dendrochirotida,Holothuroid,Echinodermata,Psolus,N,47,-52,L,550,58.5
Scaphechinus mirabilis,Scaphechinus mirabilis,Scutellidae,Clypeasteroida,Echinoidea,Echinodermata,Scaphechinus,N,42,132,P,NA,29
Solaster endeca,Solaster endeca,Solasteridae,Spinulodisa,Asteroidea,Echinodermata,Solaster,N,47,-52,L,800,76
Stichopus sp.,Stichopus,Stichopodidae,Aspidochirotida,Holothuroid,Echinodermata,Stichopus,N,21,109,P,175,12
Strongylocentrotus inter,Strongylocentrotus intermedius,Strongylocentro,Echinoida,Echinoidea,Echinodermata,Strongylocentrotus,N,42,132,P,90,32.5
Tetrapygus niger,Tetrapygus niger,Arbaciidae,Arbacioida,Echinoidea,Echinodermata,Tetrapygus,S,-33,-71,P,94.2,107
Tripneustes gratilla,Tripneustes gratilla,Toxopneustidae,Temnopleuroida,Echinoidea,Echinodermata,Tripneustes,N,27,33,P,90,18
Lobophytum compactum,Lobophytum compactum,Alcyoniidae,Alcyonacea,Anthozoa,Cnidaria,Lobophytum,S,-18,146,L,631.85,5.5
Costasiella sp.,Costasiella,Limapontiidae,Sacoglossa,Gastropoda,Mollusca,Costasiella,N,25,-80,P,76.6,NA
Vermetus sp,Vermetus,Vermetidae,Mesogastropoda,Gastropoda,Mollusca,Vermetus,N,10,-69,L,240,1
Leodia sexiesperforata,Leodia sexiesperforata,Mellitidae,Clypeasteroida,Echinoidea,Echinodermata,Leodia,N,24,-80,P,200,5
Mellita tenuis,Mellita tenuis,Mellitidae,Clypeasteroida,Echinoidea,Echinodermata,Mellita,N,29,-83,P,125,10
Hydroides ezoensis,Hydroides ezoensis,Serpulidae,Sabellida,Polychaeta,Annelida,Hydroides,N,35.178158,139,P,50,NA
Florometra serratissima,Florometra serratissima,Antedonidae,Comatulida,Crinoida,Echinodermata,Florometra,N,48,-125,L,207,5
Ophiothrix oerstedii,Ophiothrix oerstedii,Ophiotricidae,Ophiurida,Ophiuroidea,Echinodermata,Ophiothrix,N,13,-59,L,250,4.3
Ophiocoma pumila,Ophiocoma pumila,Ophiocomidae,Ophiurida,Ophiuroidea,Echinodermata,Ophiocoma,N,18,-77,P,73,90
Ophiothrix suensonii,Ophiothrix (Acanthophiothrix) suensoni,Ophiotricidae,Ophiurida,Ophiuroidea,Echinodermata,Ophiothrix,N,13,-59,P,130,NA
Conopea galeata,Conopea galeata,Archaeobalanida,Sessilia,Maxillopoda,Arthropoda,Conopea,N,33,-117,L,NA,11.5
Tegula funebralis,Tegula funebralis,Trochidae,Archaeogastropo,Gastropoda,Mollusca,Tegula,N,36,-121,L,190,5
Holopneustes purpurescen,Holopneustes purpurascens,Temnopleuridae,Temnopleuroida,Echinoidea,Echinodermata,Holopneustes,S,-33,151,L,580,8
Ophiodromus pugettensis,Oxydromus pugettensis,Hesionidae,Phyllodocida,Polychaeta,Annelida,Oxydromus,N,38.24627,-123,L,100,NA
Platynereis bicanalicula,Platynereis bicanalicula,Nereidae,Phyllodocida,Polychaeta,Annelida,Platynereis,N,38,-122,L,168,NA
Euasterias troscheli,Evasterias troschelii,Asteriidae,Forcipulatida,Asteroidea,Echinodermata,Evasterias,N,50,-123,P,150,NA
Ophidiaster guildingii,Ophidiaster guildingi,Ophidiasteridae,Valvatida,Asteroidea,Echinodermata,Ophidiaster,N,20,-61,P,115,NA
Polinices (Conuber) sord,Conuber sordidum,Naticidae,Neotaenioglossa,Gastropoda,Mollusca,Conuber,S,-21,153,P,250,NA
Clymenella torquata,Clymenella torquata,Maldanidae,,Polychaeta,Annelida,Clymenella,N,51.356346,1,L,280,NA
Pectinaria koreni,Lagis koreni,Pectinariidae,Terebellida,Polychaeta,Annelida,Lagis,N,53,-3,P,63,NA
Salmacina dysteri,Salmacina dysteri,Serpulidae,Sabellida,Polychaeta,Annelida,Salmacina,N,27,128,L,150,NA
Rhodopsis pusilla,Rhodopsis pusilla,Serpulidae,Sabellida,Polychaeta,Annelida,Rhodopsis,N,27,128,L,78,NA
Dexiospira foraminosa,Neodexiospira foraminosa,Spirorbidae,Sabellida,Polychaeta,Annelida,Neodexiospira,N,27,128,L,80,NA
Paraprotis dendrova,Paraprotis dendrova,Serpulidae,Sabellida,Polychaeta,Annelida,Paraprotis,N,27,128,L,87,NA
Peronella japonica,Peronella japonica,Laganidae,Clypeasteroida,Echinoidea,Echinodermata,Peronella,N,35,132,L,300,2
Leitoscoloplos kerguelen,Leitoscoloplos kerguelensis,Orbiniidae,,Polychaeta,Annelida,Leitoscoloplos,N,43.053837,145,L,200,NA
Neanthes sp.,Neanthes,Nereidae,Phyllodocida,Polychaeta,Annelida,Neanthes,N,43.053837,145,L,280,NA
Spirorbis nipponicus,Neodexiospira alveolata,Spirorbidae,Sabellida,Polychaeta,Annelida,Neodexiospira,N,43.053837,145,L,175,NA
Chone ecaudata (as teres,Paradialychone ecaudata,Sabellidae,Sabellida,Polychaeta,Annelida,Paradialychone,N,43.053837,145,L,200,NA
Potamilla myriopsis,Pseudopotamilla myriops,Sabellidae,Sabellida,Polychaeta,Annelida,Pseudopotamilla,N,43.053837,145,L,140,NA
Spio filicornis,Spio filicornis,Spionidae,Spionida,Polychaeta,Annelida,Spio,N,43.053837,145,L,300,NA
Phyllacanthus imperialis,Phyllacanthus imperialis,Cidaridae,Cidaroida,Echinoidea,Echinodermata,Phyllacanthus,S,-14,145,L,507,4
Echinometra mathaei,Echinometra mathaei,Echinometridae,Echinoida,Echinoidea,Echinodermata,Echinometra,N,36,136,P,NA,40
Anthocidaris crassispina,Heliocidaris crassispina,Echinometridae,Echinoida,Echinoidea,Echinodermata,Heliocidaris,N,34,136,P,90,37
Mespilia globulus,Mespilia globulus,Temnopleuridae,Temnopleuroida,Echinoidea,Echinodermata,Mespilia,N,34,136,P,80,35
Cypraea caputdraconis,Monetaria caputdraconis,Cypraeidae,Mesogastropoda,Gastropoda,Mollusca,Monetaria,S,-27,-109,P,112,NA
Ophryotrocha cosmetandra,Ophryotrocha cosmetandra,Dorvilleidae,Eunicida,Polychaeta,Annelida,Ophryotrocha,N,69.648491,19,L,350,NA
Hymenaster membranaceus,Hymenaster pellucidus,Pterasteridae,Spinulodisa,Asteroidea,Echinodermata,Hymenaster,N,50,-11,L,1100,NA
Hymenaster gennaeus,Hymenaster rex,Pterasteridae,Spinulodisa,Asteroidea,Echinodermata,Hymenaster,N,50,-11,L,1200,NA
Antipathes fiordensis,Antipathella fiordensis,Antipathida,Antipatharia,Anthozoa,Cnidaria,Antipathella,S,-45,167,P,120,NA
Pecten maximus,Pecten maximus,Pectinidae,Osteroida,Bivalvia,Mollusca,Pecten,N,48,-4,P,66.13,26
Onuphis mariahirsuta,Hirsutonuphis mariahirsuta,Onuphidae,Eunicida,Polychaeta,Annelida,Hirsutonuphis,S,-33,151.300449,L,230,NA
Onuphis taeniata,Kinbergonuphis taeniata,Onuphidae,Eunicida,Polychaeta,Annelida,Kinbergonuphis,S,-33,151.300449,L,230,NA
Polinices lewisii,Neverita lewisii,Naticidae,Mesogastropoda,Gastropoda,Mollusca,Neverita,N,49,-123,P,250,35
Arctinoe vittata,Arctonoe vittata,Polynoidae,Phyllodocida,Polychaeta,Annelida,Arctonoe,N,48.537522,-123,P,80,NA
Arctinoe fragilis,Arctonoe fragilis,Polynoidae,Phyllodocida,Polychaeta,Annelida,Arctonoe,N,48.537522,-123,P,80,NA
Arctonoe vittata,Arctonoe vittata,Polynoidae,Phyllodocida,Polychaeta,Annelida,Arctonoe,N,42,132,P,83,NA
Arctinoe pulchra,Arctonoe pulchra,Polynoidae,Phyllodocida,Polychaeta,Annelida,Arctonoe,N,48.537522,-123,P,80,NA
Conus obscurus,Conus obscurus,Conidae,Caenogastropoda,Gastropoda,Mollusca,Conus,N,21,-157,P,147,NA
Conus leopardus,Conus leopardus,Conidae,Caenogastropoda,Gastropoda,Mollusca,Conus,N,21,-157,P,230,NA
Conus ebraeus,Conus ebraeus,Conidae,Caenogastropoda,Gastropoda,Mollusca,Conus,N,21,-157,P,170,NA
Conus pertusus,Conus pertusus,Conidae,Caenogastropoda,Gastropoda,Mollusca,Conus,N,21,-157,P,132,NA
Conus lividus,Conus lividus,Conidae,Caenogastropoda,Gastropoda,Mollusca,Conus,N,21,-157,P,150,50
Conus marmoreus,Conus marmoreus,Conidae,Caenogastropoda,Gastropoda,Mollusca,Conus,N,21,-157,P,344,10
Conus textile,Conus textile,Conidae,Caenogastropoda,Gastropoda,Mollusca,Conus,N,21,-157,P,260,16
Conus sponsalis nanus,Conus sponsalis,Conidae,Caenogastropoda,Gastropoda,Mollusca,Conus,N,21,-157,P,135,NA
Conus abbreviatus,Conus abbreviatus,Conidae,Caenogastropoda,Gastropoda,Mollusca,Conus,N,21,-157,P,170,32
Conus striatus,Conus striatus,Conidae,Caenogastropoda,Gastropoda,Mollusca,Conus,N,21,-157,P,250,20
Conus quercinus,Conus quercinus,Conidae,Caenogastropoda,Gastropoda,Mollusca,Conus,N,21,-157,P,190,30
Conus flavidus,Conus flavidus,Conidae,Caenogastropoda,Gastropoda,Mollusca,Conus,N,21,-157,P,180,23
Conus rattus,Conus rattus,Conidae,Caenogastropoda,Gastropoda,Mollusca,Conus,S,-4,55,P,120,NA
Conus pulicarius,Conus pulicarius,Conidae,Caenogastropoda,Gastropoda,Mollusca,Conus,S,-14,145,P,150,NA
Marphysa borradailei,Marphysa borradailei,Eunicidae,Eunicida,Polychaeta,Annelida,Marphysa,N,7,80,L,170,NA
Sclerasterias mollis,Sclerasterias mollis,Asteriidae,Forcipulatida,Asteroidea,Echinodermata,Sclerasterias,S,-45,170,P,123.5,NA
Acropora millepora,Acropora millepora,Acroporidae,Scleractinia,Anthozoa,Cnidaria,Acropora,S,-18,146,L,541,NA
Acropora humilis,Acropora humilis,Acroporidae,Scleractinia,Anthozoa,Cnidaria,Acropora,S,-18,146,L,532,NA
Meridiastra gunnii,Meridiastra gunnii,Asterinidae,Spinulodisa,Asteroidea,Echinodermata,Meridiastra,S,-35,138,L,431,NA
Meridiastra oriens,Meridiastra oriens,Asterinidae,Spinulodisa,Asteroidea,Echinodermata,Meridiastra,S,-33,115,L,399,NA
Meridiastra mortenseni,Meridiastra mortenseni,Asterinidae,Spinulodisa,Asteroidea,Echinodermata,Meridiastra,S,-36,174,P,239,NA
Meridiastra calcar,Meridiastra calcar,Asterinidae,Spinulodisa,Asteroidea,Echinodermata,Meridiastra,S,-33,115,L,415,NA
Parvulastra exigua,Parvulastra exigua,Asterinidae,Spinulodisa,Asteroidea,Echinodermata,Parvulastra,S,-33,115,L,384,NA
Nerita atramentosa,Nerita atramentosa,Neritidae,Mesogastropoda,Gastropoda,Mollusca,Nerita,S,-33,151,P,140,NA
Raphidrilus nemasoma,Raphidrilus nemasoma,Ctenodrilidae,Terebellida,Polychaeta,Annelida,Raphidrilus,N,48.835063,-125,L,135,NA
Polydora rickettsi,Polydora rickettsi,Spionidae,Spionida,Polychaeta,Annelida,Polydora,S,-39,-73,L,100,NA
Laonice petersenae,Laonice brevicornis,Spionidae,Spionida,Polychaeta,Annelida,Laonice,S,-25,-48,P,200,NA
Laonice branchiata,Laonice branchiata,Spionidae,Spionida,Polychaeta,Annelida,Laonice,S,-25,-48,P,200,NA
Pseudopolydora rosebelae,Pseudopolydora rosebelae,Spionidae,Spionida,Polychaeta,Annelida,Pseudopolydora,S,-23,-45,L,150,NA
Dipolydora armata,Dipolydora armata,Spionidae,Spionida,Polychaeta,Annelida,Dipolydora,S,-23,-45,L,90,NA
Polydora uncinata,Polydora hoplura,Spionidae,Spionida,Polychaeta,Annelida,Polydora,S,-29,-71,L,175,NA
Polydora calcarea,Polydora calcarea,Spionidae,Spionida,Polychaeta,Annelida,Polydora,N,42,132,L,99,NA
Polydora spongicola,Polydora spongicola,Spionidae,Spionida,Polychaeta,Annelida,Polydora,N,42,132,L,120,NA
Dipolydora commensalis,Dipolydora commensalis,Spionidae,Spionida,Polychaeta,Annelida,Dipolydora,N,42,132,L,135,NA
Polydora glycymerica,Polydora glycymerica,Spionidae,Spionida,Polychaeta,Annelida,Polydora,N,42,132,L,135,NA
Polydora curiosa,Polydora curiosa,Spionidae,Spionida,Polychaeta,Annelida,Polydora,N,43,146,L,330,NA
Polydora ligni,Polydora cornuta,Spionidae,Spionida,Polychaeta,Annelida,Polydora,N,43.691708,-70,P,120,NA
Polydora cornuta,Polydora cornuta,Spionidae,Spionida,Polychaeta,Annelida,Polydora,S,-25,-48,L,110,NA
Rhynchospio nhatrangi,Rhynchospio nhatrangi,Spionidae,Spionida,Polychaeta,Annelida,Rhynchospio,N,12,109,L,120,NA
Polydora carinhosa,Polydora carinhosa,Spionidae,Spionida,Polychaeta,Annelida,Polydora,S,-25,-48,L,110,NA
Polydora ecuadoriana,Polydora ecuadoriana,Spionidae,Spionida,Polychaeta,Annelida,Polydora,S,-25,-48,L,110,NA
Prionospio patagonica,Prionospio patagonica,Spionidae,Spionida,Polychaeta,Annelida,Prionospio,S,-39,-73,P,92,NA
Holothuria scabra,Holothuria (Metriatyla) scabra,Holothuriidae,Aspidochirotida,Holothuroid,Echinodermata,Holothuria,S,-8,157,P,156.4,15.5
Actinopyga mauritiana,Actinopyga mauritiana,Holothuriidae,Aspidochirotida,Holothuroid,Echinodermata,Actinopyga,S,-9,159,P,156.4,NA
Heteromastus filiformis,Heteromastus filiformis,Capitellidae,,Polychaeta,Annelida,Heteromastus,N,45.073521,-67,P,110,NA
Magalia perarmata,Syllidia armata,Hesionidae,Phyllodocida,Polychaeta,Annelida,Syllidia,N,55,11,L,58,NA
Nereis falcaria,Nereis falcaria,Nereidae,Phyllodocida,Polychaeta,Annelida,Nereis,S,-41,174.726563,L,380,NA
Neanthes caudata,Neanthes acuminata,Nereidae,Phyllodocida,Polychaeta,Annelida,Neanthes,N,33,-117,P,470,NA
Dorvillea rudolphi,Schistomeringos rudolphi,Dorvilleidae,Eunicida,Polychaeta,Annelida,Schistomeringos,N,38.24627,-123,L,110,NA
Schistomeringos rudolphi,Schistomeringos rudolphi,Dorvilleidae,Eunicida,Polychaeta,Annelida,Schistomeringos,N,34,-118,P,100,8
Dendronotus albopunctatu,Dendronotus albopunctatus,Dendronotidae,Nudibranchia,Gastropoda,Mollusca,Dendronotus,N,48,-122,P,108,NA
Platynereis bicanaculata,Platynereis bicanaliculata,Nereidae,Phyllodocida,Polychaeta,Annelida,Platynereis,N,48.537522,-123,L,130,NA
Phialidium gregarium,Clytia gregaria,Campanulariidae,Hydroida,Hydrozoa,Cnidaria,Clytia,N,48,-123,P,173,7.5
Austraeolis ornata,Austraeolis ornata,Glaucidae,Nudibranchia,Gastropoda,Mollusca,Austraeolis,S,-33,151,P,78,NA
Bornella digitata,Bornella stellifera,Bornellidae,Nudibranchia,Gastropoda,Mollusca,Bornella,S,-33,151,L,160,NA
Bullina lineata,Bullina lineata,Bullinidae,Cephalaspidea,Gastropoda,Mollusca,Bullina,S,-33,151,P,67,NA
Hoplodoris nodulosa,Carminodoris nodulosa,Dorididae,Nudibranchia,Gastropoda,Mollusca,Carminodoris,S,-33,151,L,139,NA
Chelidonura hirundinina,Chelidonura hirundinina,Aglajidae,Cephalaspidea,Gastropoda,Mollusca,Chelidonura,S,-14,145,P,58.5,NA
Chelidonura inornata,Chelidonura inornata,Aglajidae,Cephalaspidea,Gastropoda,Mollusca,Chelidonura,S,-14,145,P,55,NA
Dendrodoris nigra (form,Dendrodoris nigra,Dendrodorididae,Nudibranchia,Gastropoda,Mollusca,Dendrodoris,S,-33,151,P,125,NA
Dendrodoris nigra (form,Dendrodoris nigra,Dendrodorididae,Nudibranchia,Gastropoda,Mollusca,Dendrodoris,S,-33,151,P,75,NA
Dendrodoris gemmacea,Dendrodoris krusensternii,Dendrodorididae,Nudibranchia,Gastropoda,Mollusca,Dendrodoris,S,-33,151,P,105,NA
Dendrodoris nigra (form,Dendrodoris nigra,Dendrodorididae,Nudibranchia,Gastropoda,Mollusca,Dendrodoris,S,-33,151,P,125,NA
Dendrodoris nigra (form,Dendrodoris nigra,Dendrodorididae,Nudibranchia,Gastropoda,Mollusca,Dendrodoris,S,-33,151,P,75,NA
Discodoris palma,Discodoris palma,Discodorididae,,Gastropoda,Mollusca,Discodoris,S,-33,151,P,75,NA
Casella atromarginata,Doriprismatica atromarginata,Chromodorididae,Nudibranchia,Gastropoda,Mollusca,Doriprismatica,S,-33,151,P,132,NA
Elysia maoria,Elysia maoria,Plakobranchidae,Sacoglossa,Gastropoda,Mollusca,Elysia,S,-33,151,P,70,NA
Elysia australis,Elysia australis,Plakobranchidae,Sacoglossa,Gastropoda,Mollusca,Elysia,S,-33,151,P,64,NA
Hydatina physis,Hydatina physis,Aplustridae,,Gastropoda,Mollusca,Hydatina,S,-33,151,P,75,NA
Jorunna sp.,Jorunna,Dorididae,Nudibranchia,Gastropoda,Mollusca,Jorunna,S,-33,151,P,74,NA
Jorunna pantherina,Jorunna pantherina,Dorididae,Nudibranchia,Gastropoda,Mollusca,Jorunna,S,-33,151,P,77,NA
Nembrotha sp.,Nembrotha,Polyceridae,Nudibranchia,Gastropoda,Mollusca,Nembrotha,S,-33,151,P,62,NA
Oxynoe viridis,Oxynoe viridis,Oxynoidae,Sacoglossa,Gastropoda,Mollusca,Oxynoe,S,-33,151,P,56,NA
Plocamopherus imperialis,Plocamopherus imperialis,Polyceridae,Nudibranchia,Gastropoda,Mollusca,Plocamopherus,S,-33,151,P,NA,NA
Rostanga muscula,Rostanga muscula,Dorididae,Nudibranchia,Gastropoda,Mollusca,Rostanga,S,-33,151,P,70,NA
Sclerodoris apiculata,Sclerodoris apiculata,Dorididae,Nudibranchia,Gastropoda,Mollusca,Sclerodoris,S,-33,151,P,77,NA
Fabricinula trilobata,Fabricinuda trilobata,Sabellidae,Sabellida,Polychaeta,Annelida,Fabricinuda,N,27,-80,L,103,NA
Amphiglena nathae,Amphiglena nathae,Sabellidae,Sabellida,Polychaeta,Annelida,Amphiglena,S,-9,46.417236,L,130,NA
Amphiglena terebro,Amphiglena terebro,Sabellidae,Sabellida,Polychaeta,Annelida,Amphiglena,S,-33,151,L,237,NA
Perkinsiana riwo,Aracia riwo,Sabellidae,Sabellida,Polychaeta,Annelida,Aracia,S,-5,145.800419,L,200,NA
Berthelinia ganapati,Berthelinia ganapati,Juliidae,Sacoglossa,Gastropoda,Mollusca,Berthelinia,N,15,80,P,50,NA
Polydora variegata,Polydora variegata,Spionidae,Spionida,Polychaeta,Annelida,Polydora,N,44,144,P,160,NA
Echinaster morph 1,Echinaster,Echinoasteridae,Spinulosida,Asteroidea,Echinodermata,Echinaster,N,27,-82,L,840,NA
Hydroides dianthus,Hydroides dianthus,Serpulidae,Sabellida,Polychaeta,Annelida,Hydroides,N,41.514747,-71,P,45,5
Hermaea bifida,Hermaea bifida,Hermaeidae,Sacoglossa,Gastropoda,Mollusca,Hermaea,N,40,0,P,48,NA
Littorina planaxis,Littorina keenae,Vespoidea,Neotaenioglossa,Gastropoda,Mollusca,Littorina,N,33,-118,P,90,NA
Anthophiura ingolfi,Anthophiura ingolfi,Ophiurudae,Ophiurida,Ophiuroidea,Echinodermata,Anthophiura,N,39,-70,L,300,NA
Ophiomusium lymani,Ophiomusa lymani,Ophiurudae,Ophiurida,Ophiuroidea,Echinodermata,Ophiomusa,N,39,-70,L,600,NA
Nereimyra punctata,Nereimyra punctata,Hesionidae,Phyllodocida,Polychaeta,Annelida,Nereimyra,N,59.474384,10,P,100,NA
Pomatoceros triqueter,Spirobranchus triqueter,Serpulidae,Sabellida,Polychaeta,Annelida,Spirobranchus,N,54.498758,-1,P,75,21
Loimia medusa,Loimia medusa,Terebellidae,Terebellida,Polychaeta,Annelida,Loimia,N,39.400122,-76,P,180,30
Ophiothrix spongicola,Macrophiothrix spongicola,Ophiotricidae,Ophiurida,Ophiuroidea,Echinodermata,Macrophiothrix,S,-34,150,P,128,30
Ophiactis resiliens,Ophiactis resiliens,Ophiactidae,Ophiurida,Ophiuroidea,Echinodermata,Ophiactis,S,-34,150,P,83,60
Ophionereis schayeri,Ophionereis schayeri,Ophionereididae,Ophiurida,Ophiuroidea,Echinodermata,Ophionereis,S,-34,150,L,200,6.5
Ophiothrix ciliaris,Ophiothrix (Ophiothrix) ciliaris,Ophiotricidae,Ophiurida,Ophiuroidea,Echinodermata,Ophiothrix,S,-34,150,P,98,NA
Ophiothrix caespitosa,Ophiothrix (Ophiothrix) caespitosa,Ophiotricidae,Ophiurida,Ophiuroidea,Echinodermata,Ophiothrix,S,-34,150,P,105,NA
Ctenodiscus crispatus,Ctenodiscus crispatus,Goniopectinidae,Paxillodisa,Asteroidea,Echinodermata,Ctenodiscus,N,43,-69,L,400,NA
Glycera dibranchiata,Glycera dibranchiata,Glyceridae,Phyllodocida,Polychaeta,Annelida,Glycera,N,38,-76,P,140,NA
Brevibranchum maculatum,Brevibrachium maculatum,Onuphidae,Eunicida,Polychaeta,Annelida,Brevibrachium,S,-37,144.755859,L,500,NA
Spirobranchus corniculat,Spirobranchus corniculatus,Serpulidae,Sabellida,Polychaeta,Annelida,Spirobranchus,S,-14,145.456753,P,80,NA
Asterina miniata,Patiria miniata,Asterinidae,Valvatida,Asteroidea,Echinodermata,Patiria,N,37,-122,P,174.6,NA
Littorina brevicula,Littorina brevicula,Littorinidae,Littorinimorpha,Gastropoda,Mollusca,Littorina,N,35,129,L,135,7
Ophiolepis elegans,Ophiolepis elegans,Ophiurudae,Ophiurida,Ophiuroidea,Echinodermata,Ophiolepis,N,27,-82,L,250,2
Ophiolepis elegans,Ophiolepis elegans,Ophiurudae,Ophiurida,Ophiuroidea,Echinodermata,Ophiolepis,N,27,-82,L,250,2
Astrobrachion constrictu,Astrobrachion constrictum,Asteroschematid,Euryalida,Ophiuroidea,Echinodermata,Astrobrachion,S,-45,167,L,415,NA
Axiothella rubrocincta,Axiothella rubrocincta,Maldanidae,,Polychaeta,Annelida,Axiothella,N,48.537522,-123,L,250,NA
Crucigera zygophora,Crucigera zygophora,Serpulidae,Sabellida,Polychaeta,Annelida,Crucigera,N,48.537522,-123,P,70,NA
Onuphis irridescens,Onuphis iridescens,Onuphidae,Eunicida,Polychaeta,Annelida,Onuphis,N,48.537522,-123,L,250,NA
Phylodoce williamsi,Phyllodoce williamsi,Phyllodocidae,Phyllodocida,Polychaeta,Annelida,Phyllodoce,N,48.537522,-123,P,90,NA
Sternaspis fossor,Sternaspis fossor,Sternaspidae,Terebellida,Polychaeta,Annelida,Sternaspis,N,48.537522,-123,L,170,NA
Orthasterias koehleri,Orthasterias koehleri,Asteriidae,Forcipulatida,Asteroidea,Echinodermata,Orthasterias,N,50,-123,P,160,NA
Parastichopus californic,Apostichopus californicus,Stichopodidae,Aspidochirotida,Holothuroid,Echinodermata,Apostichopus,N,48,-123,P,204,71
Dendraster excentricus,Dendraster excentricus,Dendrasteridae,Clypeasteroida,Echinoidea,Echinodermata,Dendraster,N,48,-123,P,118,115
Luidia foliolata,Luidia foliolata,Luidiidae,Paxillodisa,Asteroidea,Echinodermata,Luidia,N,50,-124,P,170,100.5
Ophiopholis aculeata,Ophiopholis aculeata,Ophiactidae,Ophiurida,Ophiuroidea,Echinodermata,Ophiopholis,N,60,5,P,120,30
Pisaster ochraceus,Pisaster ochraceus,Asteriidae,Forcipulatida,Asteroidea,Echinodermata,Pisaster,N,50,-123,P,165,152
Amphiodia occidentalis,Amphiodia occidentalis,Amphiuridae,Ophiurida,Ophiuroidea,Echinodermata,Amphiodia,N,36,-121,P,97,NA
Ascidia callosa,Ascidia callosa,Ascidiidae,Phlebobranchia,Ascidiacea,Chordata,Ascidia,N,48,-123,L,165,NA
Cucumaria fallax,Cucumaria fallax,Cucumariiadae,Dendrochirotida,Holothuroid,Echinodermata,Cucumaria,N,48,-123,L,504,NA
Cucumaria miniata,Cucumaria miniata,Cucumariiadae,Dendrochirotida,Holothuroid,Echinodermata,Cucumaria,N,48,-123,L,520,NA
Dermasterias imbricata,Dermasterias imbricata,Poraniidae,Spinulodisa,Asteroidea,Echinodermata,Dermasterias,N,43,-124,P,200,NA
Sarsia tubulosa,Sarsia tubulosa,Corynidae,Hydroida,Hydrozoa,Cnidaria,Sarsia,N,48,-123,P,92,NA
Sarsia species L,Sarsia,Corynidae,Hydroida,Hydrozoa,Cnidaria,Sarsia,N,48,-123,P,129,NA
Sarsia princeps,Sarsia princeps,Corynidae,Hydroida,Hydrozoa,Cnidaria,Sarsia,N,48,-123,P,107,NA
Thyone benti,Thyone benti,Phyllophoridae,Dendrochirotida,Holothuroid,Echinodermata,Thyone,N,48,-123,L,535,NA
Chlamys bifrons,Equichlamys bifrons,Pectinidae,Pteroida,Bivalvia,Mollusca,Equichlamys,S,-34,138,P,116.5,NA
Chlamys asperrima,Mimachlamys sanguinea,Pectinidae,Pteroida,Bivalvia,Mollusca,Mimachlamys,S,-34,138,P,71.2,NA
Ascidia mentula,Ascidia mentula,Ascidiidae,Phlebobranchia,Ascidiacea,Chordata,Ascidia,N,58,11,L,200,NA
Boltenia echinata,Boltenia echinata,Pyuridae,Pleurogona,Ascidiacea,Chordata,Boltenia,N,58,11,L,200,NA
Pyura tessellata,Pyura tessellata,Pyuridae,Pleurogona,Ascidiacea,Chordata,Pyura,N,58,11,L,200,NA
Aplysia  dactylomela,Aplysia dactylomela,Aplysiidae,Anaspidea,Gastropoda,Mollusca,Aplysia,N,48,-123,P,90,30
Aplysia juliana,Aplysia juliana,Aplysiidae,Anaspidea,Gastropoda,Mollusca,Aplysia,N,21,-157,P,77,28
Dolabella auricularia,Dolabella auricularia,Aplysiidae,Anaspidea,Gastropoda,Mollusca,Dolabella,N,21,-157,P,92,31
Stylocheilus longicauda,Stylocheilus longicauda,Aplysiidae,Anaspidea,Gastropoda,Mollusca,Stylocheilus,N,21,-157,P,66,30
Protula sp.,Protula,Serpulidae,Sabellida,Polychaeta,Annelida,Protula,N,9,79,L,80,NA
Echinocyamus pusillus,Echinocyamus pusillus,Fibulariidae,Clypeasteroida,Echinoidea,Echinodermata,Echinocyamus,N,58,18,P,100,45
Thuridilla hopeii,Thuridilla hopei,Plakobranchidae,Sacoglossa,Gastropoda,Mollusca,Thuridilla,N,42,3,L,100,NA
Astropecten irregularis,Astropecten irregularis,Astropectinidae,Paxillodisa,Asteroidea,Echinodermata,Astropecten,N,52,4,P,110,NA
Archidoris pseudoargus,Doris pseudoargus,Archidorididae,Nudibranchia,Gastropoda,Mollusca,Doris,N,56,-2,P,148.8,37
Onchidoris muricata,Onchidoris muricata,Onchidorididae,Nudibranchia,Gastropoda,Mollusca,Onchidoris,N,54,-1,P,90.8,58.5
Ophiodaphne formata,Ophiodaphne formata,Ophiactidae,Ophiurida,Ophiuroidea,Echinodermata,Ophiodaphne,N,35,136,P,90,21.125
Ercolania felina,Ercolania felina,Limapontiidae,Sacoglossa,Gastropoda,Mollusca,Ercolania,S,-36,175,P,56,NA
Echinometra viridis,Echinometra viridis,Echinometridae,Echinoida,Echinoidea,Echinodermata,Echinometra,N,18,-67,P,91,14
Elysia viridis,Elysia viridis,Plakobranchidae,Sacoglossa,Gastropoda,Mollusca,Elysia,N,56,-6,P,73,30
Tripneustes ventricosus,Tripneustes ventricosus,Toxopneustidae,Temnopleuroida,Echinoidea,Echinodermata,Tripneustes,N,18,-67,P,79,28
Stiliger berghi,Stiliger berghi,Limapontiidae,Sacoglossa,Gastropoda,Mollusca,Stiliger,N,35,139,P,65,NA
Drupella cornus,Drupella cornus,Muricidae,Neogastropoda,Gastropoda,Mollusca,Drupella,S,-21,114,P,170,NA
Poriocidaris purpurata,Histocidaris purpurata,Cidaridae,Cidaroida,Asteroidea,Echinodermata,Histocidaris,N,57,-10,L,1500,NA
Paragonaster subtilis,Paragonaster subtilis,Goniasteridae,Valvatida,Asteroidea,Echinodermata,Paragonaster,N,55,-10,L,900,NA
Pseudarchaster parelii,Pseudarchaster parelii,Goniasteridae,Valvatida,Asteroidea,Echinodermata,Pseudarchaster,N,55,-10,L,1000,NA
Freyella spinosa,Freyella elegans,Brisingidae,Forcipulatida,Asteroidea,Echinodermata,Freyella,N,49,-14,L,1250,NA
Zoroaster fulgens,Zoroaster fulgens,Zoroasteridae,Forcipulatida,Asteroidea,Echinodermata,Zoroaster,N,56,-10,L,950,NA
Hydroides diramphus,Hydroides dirampha,Serpulidae,Sabellida,Polychaeta,Annelida,Hydroides,S,-28,153,P,60.7,10
Styela plicata,Styela plicata,Styelidae,Stolidobranchia,Ascidiacea,Chordata,Styela,S,-28,153,L,163,1
Uniophora granifera,Uniophora granifera,,,Asteroidea,Echinodermata,Uniophora,S,-37,144,L,521,4
Crucibulum quirqinae,Crucibulum quiriquinae,Calyptraeidae,Mesogastropoda,Gastropoda,Mollusca,Crucibulum,S,-31,-71,P,325.8,NA
Branchypolynoe seepensis,Branchipolynoe seepensis,Polynoidae,Phyllodocida,Polychaeta,Annelida,Branchipolynoe,N,37,-33,L,390,NA
Pilumnus lumpinus,Pilumnus lumpinus,Pilumnidae,Decapoda,Malacostrac,Arthropoda,Pilumnus,S,-42,174,L,NA,NA
Pilumnus novaezealandiae,Pilumnus novaezealandiae,Pilumnidae,Decapoda,Malacostrac,Arthropoda,Pilumnus,S,-41,175,L,NA,NA
Haliotis cracheroidii,Haliotis cracherodii,Haliotidae,,Gastropoda,Mollusca,Haliotis,N,36,-121,L,160,NA
Notomithrax peronii,Notomithrax peronii,Majidae,Decapoda,Malacostrac,Arthropoda,Notomithrax,S,-41,172,P,NA,34
Bugula neritina,Bugula neritina,Bugulidae,Cheilostomata,Gymnolaemat,Bryozoa,Bugula,N,27,-80,L,NA,0.5
Bugula stolonifera,Bugulina stolonifera,Bugulidae,Cheilostomata,Gymnolaemat,Bryozoa,Bugulina,N,42,-71,L,NA,0.5
Bugula simplex,Bugulina simplex,Bugulidae,Cheilostomata,Gymnolaemat,Bryozoa,Bugulina,N,42,-71,L,NA,0.5
Elysia chlorotica (plank,Elysia chlorotica,Plakobranchidae,Sacoglossa,Gastropoda,Mollusca,Elysia,N,41,-71,P,79.3,14.5
Elysia chlorotica (benth,Elysia chlorotica,Plakobranchidae,Sacoglossa,Gastropoda,Mollusca,Elysia,N,42,-70,L,96,NA
Heliocidaris erythrogram,Heliocidaris erythrogramma,Echinometridae,Camarodonta,Echinoidea,Echinodermata,Heliocidaris,S,-33,151,L,400,4.35
Polydora neocaeca,Polydora neocaeca,Spionidae,Spionida,Polychaeta,Annelida,Polydora,N,41,-71,L,125,NA
Sabellaria spinulosa,Sabellaria spinulosa,Sabellariidae,Terebellida,Polychaeta,Annelida,Sabellaria,N,50.348089,-4,P,90,NA
Branchiomma vesicolosum,Branchiomma vesicolosum,Sabellidae,Sabellida,Polychaeta,Annelida,Branchiomma,N,50.219973,-3,L,150,NA
Ophelia bicornis,Ophelia bicornis,Opheliidae,,Polychaeta,Annelida,Ophelia,N,50,-4,L,95,5.5
Chromodoris elisabethina,Chromodoris elisabethina,Chromodorididae,Nudibranchia,Gastropoda,Mollusca,Chromodoris,S,-26,153,P,93,NA
Chromodoris strigata,Chromodoris strigata,Chromodorididae,Nudibranchia,Gastropoda,Mollusca,Chromodoris,S,-23,151,P,80,NA
Chromodoris lochi,Chromodoris lochi,Chromodorididae,Nudibranchia,Gastropoda,Mollusca,Chromodoris,S,-27,153,P,NA,NA
Diversidoris aurantionod,Diversidoris aurantionodulosa,Chromodorididae,Nudibranchia,Gastropoda,Mollusca,Diversidoris,S,-27,153,L,NA,NA
Chromodoris geometrica,Goniobranchus geometricus,Chromodorididae,Nudibranchia,Gastropoda,Mollusca,Goniobranchus,S,-26,153,P,82,NA
Chromodoris daphne,Goniobranchus daphne,Chromodorididae,Nudibranchia,Gastropoda,Mollusca,Goniobranchus,S,-27,153,P,128,NA
Chromodoris kuniei,Goniobranchus kuniei,Chromodorididae,Nudibranchia,Gastropoda,Mollusca,Goniobranchus,S,-23,151,P,109,NA
Chromodoris roboi,Goniobranchus roboi,Chromodorididae,Nudibranchia,Gastropoda,Mollusca,Goniobranchus,S,-23,151,P,101,NA
Chromodoris leopardus,Goniobranchus leopardus,Chromodorididae,Nudibranchia,Gastropoda,Mollusca,Goniobranchus,S,-26,153,P,104,NA
Hypselodoris obscura,Hypselodoris obscura,Chromodorididae,Nudibranchia,Gastropoda,Mollusca,Hypselodoris,S,-27,153,P,104,NA
Noumea norba,Verconia norba,Chromodorididae,Nudibranchia,Gastropoda,Mollusca,Verconia,S,-26,153,P,83,NA
Haliotis coccoradiata,Haliotis coccoradiata,Haliotidae,,Gastropoda,Mollusca,Haliotis,S,-33,152,L,175,5
Ophidiaster robillardi,Ophidiaster cribrarius,Ophidiasteridae,Valvatida,Asteroidea,Echinodermata,Ophidiaster,N,13,144,P,130,NA
Ophidiaster granifer,Ophidiaster granifer,Ophidiasteridae,Valvatida,Asteroidea,Echinodermata,Ophidiaster,N,13,144,L,600,9
Culcita novaeguineae,Culcita novaeguineae,Oreasteridae,Valvatida,Asteroidea,Echinodermata,Culcita,N,13,144,P,190,17
Gomophia egyptiaca,Gomophia egyptiaca,Ophidiasteridae,Valvatida,Asteroidea,Echinodermata,Gomophia,N,15,144,L,650,4
Leiaster leachi,Leiaster leachi,Ophidiasteridae,Valvatida,Asteroidea,Echinodermata,Leiaster,N,13,144,P,140,NA
Ophidiaster squameus,Ophidiaster hemprichi,Ophidiasteridae,Valvatida,Asteroidea,Echinodermata,Ophidiaster,N,13,144,P,130,NA
Tubularia mesenbryanthem,Ectopleura crocea,Tubulariidae,Hydroida,Hydrozoa,Cnidaria,Ectopleura,N,35,139,L,305,1
Serpula columbiana,Serpula columbiana,Serpulidae,Sabellida,Polychaeta,Annelida,Serpula,N,48.537522,-123,P,60,NA
Aurospio dibranchiata,Aurospio dibranchiata,Spionidae,Spionida,Polychaeta,Annelida,Aurospio,N,35,-73,P,110,NA
Aurospio dibranchiata,Aurospio dibranchiata,Spionidae,Spionida,Polychaeta,Annelida,Aurospio,N,35,-73,P,110,NA
Chone duneri,Chone duneri,Sabellidae,Sabellida,Polychaeta,Annelida,Chone,N,32,130,L,175,NA
Conus biliosus,Conus biliosus,Conidae,Caenogastropoda,Gastropoda,Mollusca,Conus,N,24,67,P,172,26
Conus coronatus,Conus coronatus,Conidae,Caenogastropoda,Gastropoda,Mollusca,Conus,N,24,67,P,160,27
Amphicteis floridus,Hobsonia florida,Ampharetidae,Ophiurida,Ophiuroidea,Echinodermata,Hobsonia,N,41.514747,-71,L,170,NA